model,init_mode,N,dx,dt,tmax,preeq_steps,a_f,b,c,D_f,label,a_i,D_i,sample_id,phi_b,phi_s,ordered_threshold,q_threshold,ordered_fraction_threshold,cluster_threshold,p_seed,c_seed,p_ordered_seed,c_ordered_seed,seed_compactness,seed_bbox_area,seed_rg,ordered_seed_compactness,ordered_seed_bbox_area,ordered_seed_rg,t_nuc_area,t_nuc_cluster,t_tr
phi6,preeq,64,1.0,0.02,300.0,500,0.02,1.0,1.0,0.008,1.05,0.3,0.021,0,0.14288753503622362,0.9897389314012417,0.49486946570062085,0.4897915761656359,0.001,20,0.0703125,9.0,0.0,0.0,0.6,15.0,1.4315665251916807,0.0,0.0,nan,122.0,127.5,172.40204081632655
phi6,preeq,64,1.0,0.02,300.0,500,0.02,1.0,1.0,0.008,1.05,0.3,0.021,1,0.14288753503622362,0.9897389314012417,0.49486946570062085,0.4897915761656359,0.001,20,0.072998046875,14.0,0.0,0.0,0.5833333333333334,24.0,1.8749149640580984,0.0,0.0,nan,nan,nan,nan
phi6,preeq,64,1.0,0.02,300.0,500,0.02,1.0,1.0,0.008,1.05,0.3,0.021,2,0.14288753503622362,0.9897389314012417,0.49486946570062085,0.4897915761656359,0.001,20,0.06787109375,10.0,0.0,0.0,0.5,20.0,1.6309506430300091,0.0,0.0,nan,nan,nan,nan
phi6,preeq,64,1.0,0.02,300.0,500,0.02,1.0,1.0,0.008,1.05,0.3,0.021,3,0.14288753503622362,0.9897389314012417,0.49486946570062085,0.4897915761656359,0.001,20,0.06640625,6.0,0.0,0.0,0.75,8.0,1.2133516482134197,0.0,0.0,nan,nan,nan,nan
phi6,preeq,64,1.0,0.02,300.0,500,0.02,1.0,1.0,0.008,1.05,0.3,0.021,4,0.14288753503622362,0.9897389314012417,0.49486946570062085,0.4897915761656359,0.001,20,0.05712890625,9.0,0.0,0.0,0.6,15.0,1.4907119849998598,0.0,0.0,nan,nan,nan,nan
phi6,preeq,64,1.0,0.02,300.0,500,0.02,1.0,1.0,0.008,1.05,0.3,0.021,5,0.14288753503622362,0.9897389314012417,0.49486946570062085,0.4897915761656359,0.001,20,0.0771484375,11.0,0.0,0.0,0.7333333333333333,15.0,1.5640591394622958,0.0,0.0,nan,nan,nan,nan
phi6,preeq,64,1.0,0.02,300.0,500,0.02,1.0,1.0,0.008,1.05,0.3,0.021,6,0.14288753503622362,0.9897389314012417,0.49486946570062085,0.4897915761656359,0.001,20,0.07373046875,12.0,0.0,0.0,0.6,20.0,1.5767406607020418,0.0,0.0,nan,nan,nan,nan
phi6,preeq,64,1.0,0.02,300.0,500,0.02,1.0,1.0,0.008,1.05,0.3,0.021,7,0.14288753503622362,0.9897389314012417,0.49486946570062085,0.4897915761656359,0.001,20,0.05859375,5.0,0.0,0.0,0.5555555555555556,9.0,1.0954451150103321,0.0,0.0,nan,nan,nan,nan
phi6,preeq,64,1.0,0.02,300.0,500,0.02,1.0,1.0,0.008,1.05,0.3,0.021,8,0.14288753503622362,0.9897389314012417,0.49486946570062085,0.4897915761656359,0.001,20,0.0830078125,13.0,0.0,0.0,0.4642857142857143,28.0,2.221466012029792,0.0,0.0,nan,nan,nan,nan
phi6,preeq,64,1.0,0.02,300.0,500,0.02,1.0,1.0,0.008,1.05,0.3,0.021,9,0.14288753503622362,0.9897389314012417,0.49486946570062085,0.4897915761656359,0.001,20,0.06494140625,10.0,0.0,0.0,0.47619047619047616,21.0,1.91049731745428,0.0,0.0,nan,101.3,104.7,151.34073938935873
phi6,preeq,64,1.0,0.02,300.0,500,0.02,1.0,1.0,0.008,1.05,0.3,0.021,10,0.14288753503622362,0.9897389314012417,0.49486946570062085,0.4897915761656359,0.001,20,0.071044921875,15.0,0.0,0.0,0.5,30.0,1.876166303929372,0.0,0.0,nan,182.70000000000002,184.4,231.47873345848322
phi6,preeq,64,1.0,0.02,300.0,500,0.02,1.0,1.0,0.008,1.05,0.3,0.021,11,0.14288753503622362,0.9897389314012417,0.49486946570062085,0.4897915761656359,0.001,20,0.06982421875,13.0,0.0,0.0,0.43333333333333335,30.0,1.8998598515736105,0.0,0.0,nan,nan,nan,nan
phi6,preeq,64,1.0,0.02,300.0,500,0.02,1.0,1.0,0.008,1.05,0.3,0.021,12,0.14288753503622362,0.9897389314012417,0.49486946570062085,0.4897915761656359,0.001,20,0.06396484375,13.0,0.0,0.0,0.30952380952380953,42.0,2.4854606802159247,0.0,0.0,nan,nan,nan,nan
phi6,preeq,64,1.0,0.02,300.0,500,0.02,1.0,1.0,0.008,1.05,0.3,0.021,13,0.14288753503622362,0.9897389314012417,0.49486946570062085,0.4897915761656359,0.001,20,0.072265625,9.0,0.0,0.0,0.75,12.0,1.2372809695177827,0.0,0.0,nan,nan,nan,nan
phi6,preeq,64,1.0,0.02,300.0,500,0.02,1.0,1.0,0.008,1.05,0.3,0.021,14,0.14288753503622362,0.9897389314012417,0.49486946570062085,0.4897915761656359,0.001,20,0.058349609375,8.0,0.0,0.0,0.6666666666666666,12.0,1.192424001771182,0.0,0.0,nan,249.3,250.8,294.92003861155985
phi6,preeq,64,1.0,0.02,300.0,500,0.02,1.0,1.0,0.008,1.05,0.3,0.021,15,0.14288753503622362,0.9897389314012417,0.49486946570062085,0.4897915761656359,0.001,20,0.06103515625,9.0,0.0,0.0,0.5,18.0,1.892154040658489,0.0,0.0,nan,nan,nan,nan
phi6,preeq,64,1.0,0.02,300.0,500,0.02,1.0,1.0,0.008,1.05,0.3,0.021,16,0.14288753503622362,0.9897389314012417,0.49486946570062085,0.4897915761656359,0.001,20,0.0888671875,10.0,0.0,0.0,0.5,20.0,1.5874507866387544,0.0,0.0,nan,nan,nan,nan
phi6,preeq,64,1.0,0.02,300.0,500,0.02,1.0,1.0,0.008,1.05,0.3,0.021,17,0.14288753503622362,0.9897389314012417,0.49486946570062085,0.4897915761656359,0.001,20,0.069580078125,20.0,0.0,0.0,0.47619047619047616,42.0,2.083266665599966,0.0,0.0,nan,nan,nan,nan
phi6,preeq,64,1.0,0.02,300.0,500,0.02,1.0,1.0,0.008,1.05,0.3,0.021,18,0.14288753503622362,0.9897389314012417,0.49486946570062085,0.4897915761656359,0.001,20,0.072998046875,12.0,0.0,0.0,0.5,24.0,1.707825127659933,0.0,0.0,nan,266.6,268.3,nan
phi6,preeq,64,1.0,0.02,300.0,500,0.02,1.0,1.0,0.008,1.05,0.3,0.021,19,0.14288753503622362,0.9897389314012417,0.49486946570062085,0.4897915761656359,0.001,20,0.072021484375,11.0,0.0,0.0,0.55,20.0,1.5102952478032865,0.0,0.0,nan,nan,nan,nan
phi6,preeq,64,1.0,0.02,300.0,500,0.02,1.0,1.0,0.008,1.05,0.3,0.021,20,0.14288753503622362,0.9897389314012417,0.49486946570062085,0.4897915761656359,0.001,20,0.0615234375,7.0,0.0,0.0,0.5833333333333334,12.0,1.178030178747903,0.0,0.0,nan,nan,nan,nan
phi6,preeq,64,1.0,0.02,300.0,500,0.02,1.0,1.0,0.008,1.05,0.3,0.021,21,0.14288753503622362,0.9897389314012417,0.49486946570062085,0.4897915761656359,0.001,20,0.068115234375,19.0,0.0,0.0,0.3958333333333333,48.0,2.6692047017065192,0.0,0.0,nan,nan,nan,nan
phi6,preeq,64,1.0,0.02,300.0,500,0.02,1.0,1.0,0.008,1.05,0.3,0.021,22,0.14288753503622362,0.9897389314012417,0.49486946570062085,0.4897915761656359,0.001,20,0.061279296875,6.0,0.0,0.0,0.6666666666666666,9.0,1.0540925533894598,0.0,0.0,nan,nan,nan,nan
phi6,preeq,64,1.0,0.02,300.0,500,0.02,1.0,1.0,0.008,1.05,0.3,0.021,23,0.14288753503622362,0.9897389314012417,0.49486946570062085,0.4897915761656359,0.001,20,0.06494140625,10.0,0.0,0.0,0.8333333333333334,12.0,1.3190905958272918,0.0,0.0,nan,nan,nan,nan
phi6,preeq,64,1.0,0.02,300.0,500,0.02,1.0,1.0,0.008,1.05,0.3,0.021,24,0.14288753503622362,0.9897389314012417,0.49486946570062085,0.4897915761656359,0.001,20,0.070068359375,14.0,0.0,0.0,0.7,20.0,1.6536909861128892,0.0,0.0,nan,nan,nan,nan
phi6,preeq,64,1.0,0.02,300.0,500,0.02,1.0,1.0,0.008,1.05,0.3,0.021,25,0.14288753503622362,0.9897389314012417,0.49486946570062085,0.4897915761656359,0.001,20,0.07177734375,13.0,0.0,0.0,0.43333333333333335,30.0,2.046789953176934,0.0,0.0,nan,nan,nan,nan
phi6,preeq,64,1.0,0.02,300.0,500,0.02,1.0,1.0,0.008,1.05,0.3,0.021,26,0.14288753503622362,0.9897389314012417,0.49486946570062085,0.4897915761656359,0.001,20,0.069580078125,9.0,0.0,0.0,0.5625,16.0,1.405456737852613,0.0,0.0,nan,nan,nan,nan
phi6,preeq,64,1.0,0.02,300.0,500,0.02,1.0,1.0,0.008,1.05,0.3,0.021,27,0.14288753503622362,0.9897389314012417,0.49486946570062085,0.4897915761656359,0.001,20,0.080078125,11.0,0.0,0.0,0.9166666666666666,12.0,1.3298853489388902,0.0,0.0,nan,nan,nan,nan
phi6,preeq,64,1.0,0.02,300.0,500,0.02,1.0,1.0,0.008,1.05,0.3,0.021,28,0.14288753503622362,0.9897389314012417,0.49486946570062085,0.4897915761656359,0.001,20,0.076171875,7.0,0.0,0.0,0.7777777777777778,9.0,1.0301575072754257,0.0,0.0,nan,nan,nan,nan
phi6,preeq,64,1.0,0.02,300.0,500,0.02,1.0,1.0,0.008,1.05,0.3,0.021,29,0.14288753503622362,0.9897389314012417,0.49486946570062085,0.4897915761656359,0.001,20,0.0693359375,9.0,0.0,0.0,0.5625,16.0,1.3517250067329378,0.0,0.0,nan,nan,nan,nan
phi6,preeq,64,1.0,0.02,300.0,500,0.02,1.0,1.0,0.008,1.05,0.3,0.021,30,0.14288753503622362,0.9897389314012417,0.49486946570062085,0.4897915761656359,0.001,20,0.06787109375,20.0,0.0,0.0,0.36363636363636365,55.0,3.136080356113344,0.0,0.0,nan,nan,nan,nan
phi6,preeq,64,1.0,0.02,300.0,500,0.02,1.0,1.0,0.008,1.05,0.3,0.021,31,0.14288753503622362,0.9897389314012417,0.49486946570062085,0.4897915761656359,0.001,20,0.063232421875,7.0,0.0,0.0,0.875,8.0,1.2777531299998799,0.0,0.0,nan,nan,nan,nan
phi6,preeq,64,1.0,0.02,300.0,500,0.02,1.0,1.0,0.008,1.05,0.3,0.021,32,0.14288753503622362,0.9897389314012417,0.49486946570062085,0.4897915761656359,0.001,20,0.062744140625,8.0,0.0,0.0,0.6666666666666666,12.0,1.3110110602126894,0.0,0.0,nan,249.70000000000002,253.0,nan
phi6,preeq,64,1.0,0.02,300.0,500,0.02,1.0,1.0,0.008,1.05,0.3,0.021,33,0.14288753503622362,0.9897389314012417,0.49486946570062085,0.4897915761656359,0.001,20,0.075927734375,12.0,0.0,0.0,0.4,30.0,2.0378365434395804,0.0,0.0,nan,nan,nan,nan
phi6,preeq,64,1.0,0.02,300.0,500,0.02,1.0,1.0,0.008,1.05,0.3,0.021,34,0.14288753503622362,0.9897389314012417,0.49486946570062085,0.4897915761656359,0.001,20,0.06396484375,9.0,0.0,0.0,0.5625,16.0,1.2668615834434866,0.0,0.0,nan,nan,nan,nan
phi6,preeq,64,1.0,0.02,300.0,500,0.02,1.0,1.0,0.008,1.05,0.3,0.021,35,0.14288753503622362,0.9897389314012417,0.49486946570062085,0.4897915761656359,0.001,20,0.068115234375,10.0,0.0,0.0,0.8333333333333334,12.0,1.3416407864998738,0.0,0.0,nan,nan,nan,nan
phi6,preeq,64,1.0,0.02,300.0,500,0.02,1.0,1.0,0.008,1.05,0.3,0.021,36,0.14288753503622362,0.9897389314012417,0.49486946570062085,0.4897915761656359,0.001,20,0.07958984375,11.0,0.0,0.0,0.36666666666666664,30.0,1.8763424945954812,0.0,0.0,nan,nan,nan,nan
phi6,preeq,64,1.0,0.02,300.0,500,0.02,1.0,1.0,0.008,1.05,0.3,0.021,37,0.14288753503622362,0.9897389314012417,0.49486946570062085,0.4897915761656359,0.001,20,0.0751953125,11.0,0.0,0.0,0.55,20.0,1.5850541612875175,0.0,0.0,nan,nan,nan,nan
phi6,preeq,64,1.0,0.02,300.0,500,0.02,1.0,1.0,0.008,1.05,0.3,0.021,38,0.14288753503622362,0.9897389314012417,0.49486946570062085,0.4897915761656359,0.001,20,0.0673828125,12.0,0.0,0.0,0.6,20.0,1.6158932858054431,0.0,0.0,nan,nan,nan,nan
phi6,preeq,64,1.0,0.02,300.0,500,0.02,1.0,1.0,0.008,1.05,0.3,0.021,39,0.14288753503622362,0.9897389314012417,0.49486946570062085,0.4897915761656359,0.001,20,0.076904296875,14.0,0.0,0.0,0.56,25.0,1.6178216647008747,0.0,0.0,nan,nan,nan,nan
phi6,preeq,64,1.0,0.02,300.0,500,0.02,1.0,1.0,0.008,1.05,0.3,0.021,40,0.14288753503622362,0.9897389314012417,0.49486946570062085,0.4897915761656359,0.001,20,0.058837890625,7.0,0.0,0.0,0.7777777777777778,9.0,1.0879675865519869,0.0,0.0,nan,nan,nan,nan
phi6,preeq,64,1.0,0.02,300.0,500,0.02,1.0,1.0,0.008,1.05,0.3,0.021,41,0.14288753503622362,0.9897389314012417,0.49486946570062085,0.4897915761656359,0.001,20,0.069580078125,10.0,0.0,0.0,0.5,20.0,1.711724276862369,0.0,0.0,nan,nan,nan,nan
phi6,preeq,64,1.0,0.02,300.0,500,0.02,1.0,1.0,0.008,1.05,0.3,0.021,42,0.14288753503622362,0.9897389314012417,0.49486946570062085,0.4897915761656359,0.001,20,0.06591796875,6.0,0.0,0.0,0.6666666666666666,9.0,1.1666666666666665,0.0,0.0,nan,nan,nan,nan
phi6,preeq,64,1.0,0.02,300.0,500,0.02,1.0,1.0,0.008,1.05,0.3,0.021,43,0.14288753503622362,0.9897389314012417,0.49486946570062085,0.4897915761656359,0.001,20,0.070556640625,12.0,0.0,0.0,0.8,15.0,1.4624940645653537,0.0,0.0,nan,nan,nan,nan
phi6,preeq,64,1.0,0.02,300.0,500,0.02,1.0,1.0,0.008,1.05,0.3,0.021,44,0.14288753503622362,0.9897389314012417,0.49486946570062085,0.4897915761656359,0.001,20,0.064208984375,7.0,0.0,0.0,0.4666666666666667,15.0,1.498298354528788,0.0,0.0,nan,nan,nan,nan
phi6,preeq,64,1.0,0.02,300.0,500,0.02,1.0,1.0,0.008,1.05,0.3,0.021,45,0.14288753503622362,0.9897389314012417,0.49486946570062085,0.4897915761656359,0.001,20,0.061279296875,12.0,0.0,0.0,0.48,25.0,1.6976290656219468,0.0,0.0,nan,nan,nan,nan
phi6,preeq,64,1.0,0.02,300.0,500,0.02,1.0,1.0,0.008,1.05,0.3,0.021,46,0.14288753503622362,0.9897389314012417,0.49486946570062085,0.4897915761656359,0.001,20,0.064697265625,7.0,0.0,0.0,0.5833333333333334,12.0,1.1065666703449764,0.0,0.0,nan,nan,nan,nan
phi6,preeq,64,1.0,0.02,300.0,500,0.02,1.0,1.0,0.008,1.05,0.3,0.021,47,0.14288753503622362,0.9897389314012417,0.49486946570062085,0.4897915761656359,0.001,20,0.060791015625,7.0,0.0,0.0,0.7,10.0,1.4568627181693672,0.0,0.0,nan,nan,nan,nan
phi6,preeq,64,1.0,0.02,300.0,500,0.02,1.0,1.0,0.008,1.05,0.3,0.021,48,0.14288753503622362,0.9897389314012417,0.49486946570062085,0.4897915761656359,0.001,20,0.06982421875,13.0,0.0,0.0,0.65,20.0,1.6533988661695904,0.0,0.0,nan,nan,nan,nan
phi6,preeq,64,1.0,0.02,300.0,500,0.02,1.0,1.0,0.008,1.05,0.3,0.021,49,0.14288753503622362,0.9897389314012417,0.49486946570062085,0.4897915761656359,0.001,20,0.060546875,8.0,0.0,0.0,0.5,16.0,1.2930100540985752,0.0,0.0,nan,nan,nan,nan
phi6,preeq,64,1.0,0.02,300.0,500,0.02,1.0,1.0,0.008,1.1,0.3,0.022000000000000002,0,0.14288753503622362,0.9897389314012417,0.49486946570062085,0.4897915761656359,0.001,20,0.078125,9.0,0.0,0.0,0.5625,16.0,1.3517250067329378,0.0,0.0,nan,nan,nan,nan
phi6,preeq,64,1.0,0.02,300.0,500,0.02,1.0,1.0,0.008,1.1,0.3,0.022000000000000002,1,0.14288753503622362,0.9897389314012417,0.49486946570062085,0.4897915761656359,0.001,20,0.072265625,10.0,0.0,0.0,0.5,20.0,1.4560219778561037,0.0,0.0,nan,nan,nan,nan
phi6,preeq,64,1.0,0.02,300.0,500,0.02,1.0,1.0,0.008,1.1,0.3,0.022000000000000002,2,0.14288753503622362,0.9897389314012417,0.49486946570062085,0.4897915761656359,0.001,20,0.06494140625,11.0,0.0,0.0,0.4583333333333333,24.0,1.9155734096095889,0.0,0.0,nan,nan,nan,nan
phi6,preeq,64,1.0,0.02,300.0,500,0.02,1.0,1.0,0.008,1.1,0.3,0.022000000000000002,3,0.14288753503622362,0.9897389314012417,0.49486946570062085,0.4897915761656359,0.001,20,0.078857421875,10.0,0.0,0.0,0.6666666666666666,15.0,1.407124727947029,0.0,0.0,nan,nan,nan,nan
phi6,preeq,64,1.0,0.02,300.0,500,0.02,1.0,1.0,0.008,1.1,0.3,0.022000000000000002,4,0.14288753503622362,0.9897389314012417,0.49486946570062085,0.4897915761656359,0.001,20,0.076904296875,10.0,0.0,0.0,0.3333333333333333,30.0,1.9621416870348585,0.0,0.0,nan,nan,nan,nan
phi6,preeq,64,1.0,0.02,300.0,500,0.02,1.0,1.0,0.008,1.1,0.3,0.022000000000000002,5,0.14288753503622362,0.9897389314012417,0.49486946570062085,0.4897915761656359,0.001,20,0.0791015625,10.0,0.0,0.0,0.625,16.0,1.3038404810405297,0.0,0.0,nan,nan,nan,nan
phi6,preeq,64,1.0,0.02,300.0,500,0.02,1.0,1.0,0.008,1.1,0.3,0.022000000000000002,6,0.14288753503622362,0.9897389314012417,0.49486946570062085,0.4897915761656359,0.001,20,0.0791015625,6.0,0.0,0.0,0.5,12.0,1.3844373104863459,0.0,0.0,nan,nan,nan,nan
phi6,preeq,64,1.0,0.02,300.0,500,0.02,1.0,1.0,0.008,1.1,0.3,0.022000000000000002,7,0.14288753503622362,0.9897389314012417,0.49486946570062085,0.4897915761656359,0.001,20,0.0703125,11.0,0.0,0.0,0.55,20.0,1.4488524955008388,0.0,0.0,nan,nan,nan,nan
phi6,preeq,64,1.0,0.02,300.0,500,0.02,1.0,1.0,0.008,1.1,0.3,0.022000000000000002,8,0.14288753503622362,0.9897389314012417,0.49486946570062085,0.4897915761656359,0.001,20,0.08251953125,8.0,0.0,0.0,0.6666666666666666,12.0,1.299038105676658,0.0,0.0,nan,nan,nan,nan
phi6,preeq,64,1.0,0.02,300.0,500,0.02,1.0,1.0,0.008,1.1,0.3,0.022000000000000002,9,0.14288753503622362,0.9897389314012417,0.49486946570062085,0.4897915761656359,0.001,20,0.0771484375,15.0,0.0,0.0,0.5,30.0,1.8997075798366678,0.0,0.0,nan,nan,nan,nan
phi6,preeq,64,1.0,0.02,300.0,500,0.02,1.0,1.0,0.008,1.1,0.3,0.022000000000000002,10,0.14288753503622362,0.9897389314012417,0.49486946570062085,0.4897915761656359,0.001,20,0.070068359375,11.0,0.0,0.0,0.36666666666666664,30.0,2.0082474576704112,0.0,0.0,nan,nan,nan,nan
phi6,preeq,64,1.0,0.02,300.0,500,0.02,1.0,1.0,0.008,1.1,0.3,0.022000000000000002,11,0.14288753503622362,0.9897389314012417,0.49486946570062085,0.4897915761656359,0.001,20,0.068603515625,9.0,0.0,0.0,0.5625,16.0,1.4740554623801778,0.0,0.0,nan,nan,nan,nan
phi6,preeq,64,1.0,0.02,300.0,500,0.02,1.0,1.0,0.008,1.1,0.3,0.022000000000000002,12,0.14288753503622362,0.9897389314012417,0.49486946570062085,0.4897915761656359,0.001,20,0.076904296875,8.0,0.0,0.0,0.5333333333333333,15.0,1.571225636247067,0.0,0.0,nan,nan,nan,nan
phi6,preeq,64,1.0,0.02,300.0,500,0.02,1.0,1.0,0.008,1.1,0.3,0.022000000000000002,13,0.14288753503622362,0.9897389314012417,0.49486946570062085,0.4897915761656359,0.001,20,0.080078125,9.0,0.0,0.0,0.375,24.0,1.7497795275581802,0.0,0.0,nan,nan,nan,nan
phi6,preeq,64,1.0,0.02,300.0,500,0.02,1.0,1.0,0.008,1.1,0.3,0.022000000000000002,14,0.14288753503622362,0.9897389314012417,0.49486946570062085,0.4897915761656359,0.001,20,0.066650390625,7.0,0.0,0.0,0.4375,16.0,1.261680123761121,0.0,0.0,nan,nan,nan,nan
phi6,preeq,64,1.0,0.02,300.0,500,0.02,1.0,1.0,0.008,1.1,0.3,0.022000000000000002,15,0.14288753503622362,0.9897389314012417,0.49486946570062085,0.4897915761656359,0.001,20,0.080322265625,11.0,0.0,0.0,0.6875,16.0,1.4882459585222636,0.0,0.0,nan,nan,nan,nan
phi6,preeq,64,1.0,0.02,300.0,500,0.02,1.0,1.0,0.008,1.1,0.3,0.022000000000000002,16,0.14288753503622362,0.9897389314012417,0.49486946570062085,0.4897915761656359,0.001,20,0.070068359375,8.0,0.0,0.0,0.5333333333333333,15.0,1.5612494995995996,0.0,0.0,nan,nan,nan,nan
phi6,preeq,64,1.0,0.02,300.0,500,0.02,1.0,1.0,0.008,1.1,0.3,0.022000000000000002,17,0.14288753503622362,0.9897389314012417,0.49486946570062085,0.4897915761656359,0.001,20,0.079345703125,13.0,0.0,0.0,0.5416666666666666,24.0,1.716608738801646,0.0,0.0,nan,nan,nan,nan
phi6,preeq,64,1.0,0.02,300.0,500,0.02,1.0,1.0,0.008,1.1,0.3,0.022000000000000002,18,0.14288753503622362,0.9897389314012417,0.49486946570062085,0.4897915761656359,0.001,20,0.076416015625,11.0,0.0,0.0,0.7333333333333333,15.0,1.4545454545454546,0.0,0.0,nan,nan,nan,nan
phi6,preeq,64,1.0,0.02,300.0,500,0.02,1.0,1.0,0.008,1.1,0.3,0.022000000000000002,19,0.14288753503622362,0.9897389314012417,0.49486946570062085,0.4897915761656359,0.001,20,0.07568359375,12.0,0.0,0.0,0.48,25.0,1.7756063127218764,0.0,0.0,nan,nan,nan,nan
phi6,preeq,64,1.0,0.02,300.0,500,0.02,1.0,1.0,0.008,1.1,0.3,0.022000000000000002,20,0.14288753503622362,0.9897389314012417,0.49486946570062085,0.4897915761656359,0.001,20,0.074951171875,8.0,0.0,0.0,0.5333333333333333,15.0,1.3863170633011772,0.0,0.0,nan,nan,nan,nan
phi6,preeq,64,1.0,0.02,300.0,500,0.02,1.0,1.0,0.008,1.1,0.3,0.022000000000000002,21,0.14288753503622362,0.9897389314012417,0.49486946570062085,0.4897915761656359,0.001,20,0.076904296875,7.0,0.0,0.0,0.4666666666666667,15.0,1.551825784457174,0.0,0.0,nan,nan,nan,nan
phi6,preeq,64,1.0,0.02,300.0,500,0.02,1.0,1.0,0.008,1.1,0.3,0.022000000000000002,22,0.14288753503622362,0.9897389314012417,0.49486946570062085,0.4897915761656359,0.001,20,0.07861328125,11.0,0.0,0.0,0.4583333333333333,24.0,1.6313053131751236,0.0,0.0,nan,nan,nan,nan
phi6,preeq,64,1.0,0.02,300.0,500,0.02,1.0,1.0,0.008,1.1,0.3,0.022000000000000002,23,0.14288753503622362,0.9897389314012417,0.49486946570062085,0.4897915761656359,0.001,20,0.0791015625,8.0,0.0,0.0,0.5,16.0,1.3863170633011772,0.0,0.0,nan,nan,nan,nan
phi6,preeq,64,1.0,0.02,300.0,500,0.02,1.0,1.0,0.008,1.1,0.3,0.022000000000000002,24,0.14288753503622362,0.9897389314012417,0.49486946570062085,0.4897915761656359,0.001,20,0.076416015625,11.0,0.0,0.0,0.7333333333333333,15.0,1.6006197146962737,0.0,0.0,nan,294.6,295.8,nan
phi6,preeq,64,1.0,0.02,300.0,500,0.02,1.0,1.0,0.008,1.1,0.3,0.022000000000000002,25,0.14288753503622362,0.9897389314012417,0.49486946570062085,0.4897915761656359,0.001,20,0.078857421875,10.0,0.0,0.0,0.5555555555555556,18.0,1.794435844492636,0.0,0.0,nan,nan,nan,nan
phi6,preeq,64,1.0,0.02,300.0,500,0.02,1.0,1.0,0.008,1.1,0.3,0.022000000000000002,26,0.14288753503622362,0.9897389314012417,0.49486946570062085,0.4897915761656359,0.001,20,0.078857421875,13.0,0.0,0.0,0.4642857142857143,28.0,1.8652854850741754,0.0,0.0,nan,233.9,237.20000000000002,280.81410340057937
phi6,preeq,64,1.0,0.02,300.0,500,0.02,1.0,1.0,0.008,1.1,0.3,0.022000000000000002,27,0.14288753503622362,0.9897389314012417,0.49486946570062085,0.4897915761656359,0.001,20,0.0654296875,7.0,0.0,0.0,0.5833333333333334,12.0,1.2936264483053452,0.0,0.0,nan,nan,nan,nan
phi6,preeq,64,1.0,0.02,300.0,500,0.02,1.0,1.0,0.008,1.1,0.3,0.022000000000000002,28,0.14288753503622362,0.9897389314012417,0.49486946570062085,0.4897915761656359,0.001,20,0.0791015625,11.0,0.0,0.0,0.6111111111111112,18.0,1.6614242620451878,0.0,0.0,nan,nan,nan,nan
phi6,preeq,64,1.0,0.02,300.0,500,0.02,1.0,1.0,0.008,1.1,0.3,0.022000000000000002,29,0.14288753503622362,0.9897389314012417,0.49486946570062085,0.4897915761656359,0.001,20,0.07275390625,9.0,0.0,0.0,0.5625,16.0,1.2372809695177827,0.0,0.0,nan,nan,nan,nan
phi6,preeq,64,1.0,0.02,300.0,500,0.02,1.0,1.0,0.008,1.1,0.3,0.022000000000000002,30,0.14288753503622362,0.9897389314012417,0.49486946570062085,0.4897915761656359,0.001,20,0.0791015625,13.0,0.0,0.0,0.65,20.0,1.5689290811054724,0.0,0.0,nan,nan,nan,nan
phi6,preeq,64,1.0,0.02,300.0,500,0.02,1.0,1.0,0.008,1.1,0.3,0.022000000000000002,31,0.14288753503622362,0.9897389314012417,0.49486946570062085,0.4897915761656359,0.001,20,0.07763671875,10.0,0.0,0.0,0.5,20.0,1.4832396974191326,0.0,0.0,nan,nan,nan,nan
phi6,preeq,64,1.0,0.02,300.0,500,0.02,1.0,1.0,0.008,1.1,0.3,0.022000000000000002,32,0.14288753503622362,0.9897389314012417,0.49486946570062085,0.4897915761656359,0.001,20,0.0791015625,15.0,0.0,0.0,0.5,30.0,1.8737959096740262,0.0,0.0,nan,nan,nan,nan
phi6,preeq,64,1.0,0.02,300.0,500,0.02,1.0,1.0,0.008,1.1,0.3,0.022000000000000002,33,0.14288753503622362,0.9897389314012417,0.49486946570062085,0.4897915761656359,0.001,20,0.07470703125,17.0,0.0,0.0,0.4722222222222222,36.0,2.227540732795469,0.0,0.0,nan,nan,nan,nan
phi6,preeq,64,1.0,0.02,300.0,500,0.02,1.0,1.0,0.008,1.1,0.3,0.022000000000000002,34,0.14288753503622362,0.9897389314012417,0.49486946570062085,0.4897915761656359,0.001,20,0.070068359375,7.0,0.0,0.0,0.5833333333333334,12.0,1.2121830534626528,0.0,0.0,nan,nan,nan,nan
phi6,preeq,64,1.0,0.02,300.0,500,0.02,1.0,1.0,0.008,1.1,0.3,0.022000000000000002,35,0.14288753503622362,0.9897389314012417,0.49486946570062085,0.4897915761656359,0.001,20,0.068603515625,14.0,0.0,0.0,0.4666666666666667,30.0,1.7956864414252192,0.0,0.0,nan,nan,nan,nan
phi6,preeq,64,1.0,0.02,300.0,500,0.02,1.0,1.0,0.008,1.1,0.3,0.022000000000000002,36,0.14288753503622362,0.9897389314012417,0.49486946570062085,0.4897915761656359,0.001,20,0.083740234375,13.0,0.0,0.0,0.5416666666666666,24.0,1.7908379579727411,0.0,0.0,nan,247.5,249.70000000000002,295.3561785346683
phi6,preeq,64,1.0,0.02,300.0,500,0.02,1.0,1.0,0.008,1.1,0.3,0.022000000000000002,37,0.14288753503622362,0.9897389314012417,0.49486946570062085,0.4897915761656359,0.001,20,0.08544921875,8.0,0.0,0.0,0.6666666666666666,12.0,1.192424001771182,0.0,0.0,nan,175.70000000000002,176.9,218.00371842949443
phi6,preeq,64,1.0,0.02,300.0,500,0.02,1.0,1.0,0.008,1.1,0.3,0.022000000000000002,38,0.14288753503622362,0.9897389314012417,0.49486946570062085,0.4897915761656359,0.001,20,0.083740234375,21.0,0.0,0.0,0.5,42.0,2.1987421677362278,0.0,0.0,nan,nan,nan,nan
phi6,preeq,64,1.0,0.02,300.0,500,0.02,1.0,1.0,0.008,1.1,0.3,0.022000000000000002,39,0.14288753503622362,0.9897389314012417,0.49486946570062085,0.4897915761656359,0.001,20,0.07470703125,10.0,0.0,0.0,0.6666666666666666,15.0,1.7578395831246947,0.0,0.0,nan,nan,nan,nan
phi6,preeq,64,1.0,0.02,300.0,500,0.02,1.0,1.0,0.008,1.1,0.3,0.022000000000000002,40,0.14288753503622362,0.9897389314012417,0.49486946570062085,0.4897915761656359,0.001,20,0.06787109375,16.0,0.0,0.0,0.45714285714285713,35.0,2.315032397181517,0.0,0.0,nan,168.70000000000002,169.9,211.7783063820208
phi6,preeq,64,1.0,0.02,300.0,500,0.02,1.0,1.0,0.008,1.1,0.3,0.022000000000000002,41,0.14288753503622362,0.9897389314012417,0.49486946570062085,0.4897915761656359,0.001,20,0.082763671875,9.0,0.0,0.0,0.45,20.0,1.405456737852613,0.0,0.0,nan,nan,nan,nan
phi6,preeq,64,1.0,0.02,300.0,500,0.02,1.0,1.0,0.008,1.1,0.3,0.022000000000000002,42,0.14288753503622362,0.9897389314012417,0.49486946570062085,0.4897915761656359,0.001,20,0.085693359375,11.0,0.0,0.0,0.55,20.0,1.4882459585222636,0.0,0.0,nan,nan,nan,nan
phi6,preeq,64,1.0,0.02,300.0,500,0.02,1.0,1.0,0.008,1.1,0.3,0.022000000000000002,43,0.14288753503622362,0.9897389314012417,0.49486946570062085,0.4897915761656359,0.001,20,0.070068359375,11.0,0.0,0.0,0.44,25.0,1.5320272314866108,0.0,0.0,nan,nan,nan,nan
phi6,preeq,64,1.0,0.02,300.0,500,0.02,1.0,1.0,0.008,1.1,0.3,0.022000000000000002,44,0.14288753503622362,0.9897389314012417,0.49486946570062085,0.4897915761656359,0.001,20,0.0703125,9.0,0.0,0.0,0.45,20.0,1.625415426480866,0.0,0.0,nan,nan,nan,nan
phi6,preeq,64,1.0,0.02,300.0,500,0.02,1.0,1.0,0.008,1.1,0.3,0.022000000000000002,45,0.14288753503622362,0.9897389314012417,0.49486946570062085,0.4897915761656359,0.001,20,0.07958984375,11.0,0.0,0.0,0.55,20.0,1.6363636363636362,0.0,0.0,nan,nan,nan,nan
phi6,preeq,64,1.0,0.02,300.0,500,0.02,1.0,1.0,0.008,1.1,0.3,0.022000000000000002,46,0.14288753503622362,0.9897389314012417,0.49486946570062085,0.4897915761656359,0.001,20,0.0712890625,14.0,0.0,0.0,0.7,20.0,1.5843623580584882,0.0,0.0,nan,nan,nan,nan
phi6,preeq,64,1.0,0.02,300.0,500,0.02,1.0,1.0,0.008,1.1,0.3,0.022000000000000002,47,0.14288753503622362,0.9897389314012417,0.49486946570062085,0.4897915761656359,0.001,20,0.076171875,9.0,0.0,0.0,0.75,12.0,1.247219128924647,0.0,0.0,nan,288.2,289.5,nan
phi6,preeq,64,1.0,0.02,300.0,500,0.02,1.0,1.0,0.008,1.1,0.3,0.022000000000000002,48,0.14288753503622362,0.9897389314012417,0.49486946570062085,0.4897915761656359,0.001,20,0.06591796875,8.0,0.0,0.0,0.5333333333333333,15.0,1.4523687548277813,0.0,0.0,nan,nan,nan,nan
phi6,preeq,64,1.0,0.02,300.0,500,0.02,1.0,1.0,0.008,1.1,0.3,0.022000000000000002,49,0.14288753503622362,0.9897389314012417,0.49486946570062085,0.4897915761656359,0.001,20,0.069580078125,9.0,0.0,0.0,0.375,24.0,1.8121673811444545,0.0,0.0,nan,nan,nan,nan
phi6,preeq,64,1.0,0.02,300.0,500,0.02,1.0,1.0,0.008,1.2,0.3,0.024,0,0.14288753503622362,0.9897389314012417,0.49486946570062085,0.4897915761656359,0.001,20,0.08642578125,14.0,0.0,0.0,0.7,20.0,1.5987878061142424,0.0,0.0,nan,nan,nan,nan
phi6,preeq,64,1.0,0.02,300.0,500,0.02,1.0,1.0,0.008,1.2,0.3,0.024,1,0.14288753503622362,0.9897389314012417,0.49486946570062085,0.4897915761656359,0.001,20,0.0869140625,9.0,0.0,0.0,0.36,25.0,1.7568209223157663,0.0,0.0,nan,nan,nan,nan
phi6,preeq,64,1.0,0.02,300.0,500,0.02,1.0,1.0,0.008,1.2,0.3,0.024,2,0.14288753503622362,0.9897389314012417,0.49486946570062085,0.4897915761656359,0.001,20,0.0947265625,13.0,0.0,0.0,0.5416666666666666,24.0,1.9851519847021448,0.0,0.0,nan,nan,nan,nan
phi6,preeq,64,1.0,0.02,300.0,500,0.02,1.0,1.0,0.008,1.2,0.3,0.024,3,0.14288753503622362,0.9897389314012417,0.49486946570062085,0.4897915761656359,0.001,20,0.085693359375,9.0,0.0,0.0,0.75,12.0,1.257078722109418,0.0,0.0,nan,nan,nan,nan
phi6,preeq,64,1.0,0.02,300.0,500,0.02,1.0,1.0,0.008,1.2,0.3,0.024,4,0.14288753503622362,0.9897389314012417,0.49486946570062085,0.4897915761656359,0.001,20,0.08203125,8.0,0.0,0.0,0.5,16.0,1.4577379737113252,0.0,0.0,nan,nan,nan,nan
phi6,preeq,64,1.0,0.02,300.0,500,0.02,1.0,1.0,0.008,1.2,0.3,0.024,5,0.14288753503622362,0.9897389314012417,0.49486946570062085,0.4897915761656359,0.001,20,0.080322265625,8.0,0.0,0.0,0.6666666666666666,12.0,1.299038105676658,0.0,0.0,nan,nan,nan,nan
phi6,preeq,64,1.0,0.02,300.0,500,0.02,1.0,1.0,0.008,1.2,0.3,0.024,6,0.14288753503622362,0.9897389314012417,0.49486946570062085,0.4897915761656359,0.001,20,0.0859375,12.0,0.0,0.0,0.5,24.0,2.1081851067789197,0.0,0.0,nan,nan,nan,nan
phi6,preeq,64,1.0,0.02,300.0,500,0.02,1.0,1.0,0.008,1.2,0.3,0.024,7,0.14288753503622362,0.9897389314012417,0.49486946570062085,0.4897915761656359,0.001,20,0.09326171875,12.0,0.0,0.0,0.5,24.0,1.711886548681178,0.0,0.0,nan,235.70000000000002,236.9,281.67061108389834
phi6,preeq,64,1.0,0.02,300.0,500,0.02,1.0,1.0,0.008,1.2,0.3,0.024,8,0.14288753503622362,0.9897389314012417,0.49486946570062085,0.4897915761656359,0.001,20,0.0908203125,13.0,0.0,0.0,0.5416666666666666,24.0,1.9460170216420796,0.0,0.0,nan,nan,nan,nan
phi6,preeq,64,1.0,0.02,300.0,500,0.02,1.0,1.0,0.008,1.2,0.3,0.024,9,0.14288753503622362,0.9897389314012417,0.49486946570062085,0.4897915761656359,0.001,20,0.085205078125,9.0,0.0,0.0,0.45,20.0,1.625415426480866,0.0,0.0,nan,nan,nan,nan
phi6,preeq,64,1.0,0.02,300.0,500,0.02,1.0,1.0,0.008,1.2,0.3,0.024,10,0.14288753503622362,0.9897389314012417,0.49486946570062085,0.4897915761656359,0.001,20,0.082275390625,11.0,0.0,0.0,0.36666666666666664,30.0,1.7627926754241197,0.0,0.0,nan,nan,nan,nan
phi6,preeq,64,1.0,0.02,300.0,500,0.02,1.0,1.0,0.008,1.2,0.3,0.024,11,0.14288753503622362,0.9897389314012417,0.49486946570062085,0.4897915761656359,0.001,20,0.097412109375,19.0,0.0,0.0,0.5277777777777778,36.0,1.9930627609222618,0.0,0.0,nan,nan,nan,nan
phi6,preeq,64,1.0,0.02,300.0,500,0.02,1.0,1.0,0.008,1.2,0.3,0.024,12,0.14288753503622362,0.9897389314012417,0.49486946570062085,0.4897915761656359,0.001,20,0.0732421875,10.0,0.0,0.0,0.6666666666666666,15.0,1.5491933384829668,0.0,0.0,nan,nan,nan,nan
phi6,preeq,64,1.0,0.02,300.0,500,0.02,1.0,1.0,0.008,1.2,0.3,0.024,13,0.14288753503622362,0.9897389314012417,0.49486946570062085,0.4897915761656359,0.001,20,0.0830078125,8.0,0.0,0.0,0.5,16.0,1.403121520040228,0.0,0.0,nan,nan,nan,nan
phi6,preeq,64,1.0,0.02,300.0,500,0.02,1.0,1.0,0.008,1.2,0.3,0.024,14,0.14288753503622362,0.9897389314012417,0.49486946570062085,0.4897915761656359,0.001,20,0.084716796875,15.0,0.0,0.0,0.42857142857142855,35.0,2.3475755815545347,0.0,0.0,nan,nan,nan,nan
phi6,preeq,64,1.0,0.02,300.0,500,0.02,1.0,1.0,0.008,1.2,0.3,0.024,15,0.14288753503622362,0.9897389314012417,0.49486946570062085,0.4897915761656359,0.001,20,0.075439453125,15.0,0.0,0.0,0.42857142857142855,35.0,2.1270741511391753,0.0,0.0,nan,nan,nan,nan
phi6,preeq,64,1.0,0.02,300.0,500,0.02,1.0,1.0,0.008,1.2,0.3,0.024,16,0.14288753503622362,0.9897389314012417,0.49486946570062085,0.4897915761656359,0.001,20,0.10009765625,11.0,0.0,0.0,0.55,20.0,1.5534552264213692,0.0,0.0,nan,nan,nan,nan
phi6,preeq,64,1.0,0.02,300.0,500,0.02,1.0,1.0,0.008,1.2,0.3,0.024,17,0.14288753503622362,0.9897389314012417,0.49486946570062085,0.4897915761656359,0.001,20,0.08154296875,11.0,0.0,0.0,0.36666666666666664,30.0,2.0368505911280073,0.0,0.0,nan,nan,nan,nan
phi6,preeq,64,1.0,0.02,300.0,500,0.02,1.0,1.0,0.008,1.2,0.3,0.024,18,0.14288753503622362,0.9897389314012417,0.49486946570062085,0.4897915761656359,0.001,20,0.09765625,14.0,0.0,0.0,0.5833333333333334,24.0,1.8626292586293283,0.0,0.0,nan,nan,nan,nan
phi6,preeq,64,1.0,0.02,300.0,500,0.02,1.0,1.0,0.008,1.2,0.3,0.024,19,0.14288753503622362,0.9897389314012417,0.49486946570062085,0.4897915761656359,0.001,20,0.092041015625,16.0,0.0,0.0,0.3333333333333333,48.0,2.3651109910530628,0.0,0.0,nan,nan,nan,nan
phi6,preeq,64,1.0,0.02,300.0,500,0.02,1.0,1.0,0.008,1.2,0.3,0.024,20,0.14288753503622362,0.9897389314012417,0.49486946570062085,0.4897915761656359,0.001,20,0.086181640625,8.0,0.0,0.0,0.8888888888888888,9.0,1.103970108290981,0.0,0.0,nan,nan,nan,nan
phi6,preeq,64,1.0,0.02,300.0,500,0.02,1.0,1.0,0.008,1.2,0.3,0.024,21,0.14288753503622362,0.9897389314012417,0.49486946570062085,0.4897915761656359,0.001,20,0.0771484375,9.0,0.0,0.0,0.5,18.0,1.7284832429004495,0.0,0.0,nan,nan,nan,nan
phi6,preeq,64,1.0,0.02,300.0,500,0.02,1.0,1.0,0.008,1.2,0.3,0.024,22,0.14288753503622362,0.9897389314012417,0.49486946570062085,0.4897915761656359,0.001,20,0.085205078125,9.0,0.0,0.0,0.6,15.0,1.507184440694504,0.0,0.0,nan,273.7,276.40000000000003,nan
phi6,preeq,64,1.0,0.02,300.0,500,0.02,1.0,1.0,0.008,1.2,0.3,0.024,23,0.14288753503622362,0.9897389314012417,0.49486946570062085,0.4897915761656359,0.001,20,0.0927734375,13.0,0.0,0.0,0.65,20.0,1.6390212117432705,0.0,0.0,nan,nan,nan,nan
phi6,preeq,64,1.0,0.02,300.0,500,0.02,1.0,1.0,0.008,1.2,0.3,0.024,24,0.14288753503622362,0.9897389314012417,0.49486946570062085,0.4897915761656359,0.001,20,0.09423828125,12.0,0.0,0.0,0.8,15.0,1.4529663145135578,0.0,0.0,nan,nan,nan,nan
phi6,preeq,64,1.0,0.02,300.0,500,0.02,1.0,1.0,0.008,1.2,0.3,0.024,25,0.14288753503622362,0.9897389314012417,0.49486946570062085,0.4897915761656359,0.001,20,0.102783203125,16.0,0.0,0.0,0.5333333333333333,30.0,1.93447344256777,0.0,0.0,nan,nan,nan,nan
phi6,preeq,64,1.0,0.02,300.0,500,0.02,1.0,1.0,0.008,1.2,0.3,0.024,26,0.14288753503622362,0.9897389314012417,0.49486946570062085,0.4897915761656359,0.001,20,0.090087890625,13.0,0.0,0.0,0.52,25.0,1.583943098613385,0.0,0.0,nan,nan,nan,nan
phi6,preeq,64,1.0,0.02,300.0,500,0.02,1.0,1.0,0.008,1.2,0.3,0.024,27,0.14288753503622362,0.9897389314012417,0.49486946570062085,0.4897915761656359,0.001,20,0.079345703125,11.0,0.0,0.0,0.6875,16.0,1.504813214295168,0.0,0.0,nan,nan,nan,nan
phi6,preeq,64,1.0,0.02,300.0,500,0.02,1.0,1.0,0.008,1.2,0.3,0.024,28,0.14288753503622362,0.9897389314012417,0.49486946570062085,0.4897915761656359,0.001,20,0.08447265625,22.0,0.0,0.0,0.4489795918367347,49.0,2.3570713022662133,0.0,0.0,nan,nan,nan,nan
phi6,preeq,64,1.0,0.02,300.0,500,0.02,1.0,1.0,0.008,1.2,0.3,0.024,29,0.14288753503622362,0.9897389314012417,0.49486946570062085,0.4897915761656359,0.001,20,0.090087890625,10.0,0.0,0.0,0.5,20.0,1.5132745950421556,0.0,0.0,nan,nan,nan,nan
phi6,preeq,64,1.0,0.02,300.0,500,0.02,1.0,1.0,0.008,1.2,0.3,0.024,30,0.14288753503622362,0.9897389314012417,0.49486946570062085,0.4897915761656359,0.001,20,0.089599609375,18.0,0.0,0.0,0.42857142857142855,42.0,2.2284634577923974,0.0,0.0,nan,nan,nan,nan
phi6,preeq,64,1.0,0.02,300.0,500,0.02,1.0,1.0,0.008,1.2,0.3,0.024,31,0.14288753503622362,0.9897389314012417,0.49486946570062085,0.4897915761656359,0.001,20,0.08935546875,11.0,0.0,0.0,0.55,20.0,1.5427784316797402,0.0,0.0,nan,nan,nan,nan
phi6,preeq,64,1.0,0.02,300.0,500,0.02,1.0,1.0,0.008,1.2,0.3,0.024,32,0.14288753503622362,0.9897389314012417,0.49486946570062085,0.4897915761656359,0.001,20,0.0859375,18.0,0.0,0.0,0.6,30.0,1.8164203026968684,0.0,0.0,nan,nan,nan,nan
phi6,preeq,64,1.0,0.02,300.0,500,0.02,1.0,1.0,0.008,1.2,0.3,0.024,33,0.14288753503622362,0.9897389314012417,0.49486946570062085,0.4897915761656359,0.001,20,0.078857421875,9.0,0.0,0.0,0.6,15.0,1.314684396244359,0.0,0.0,nan,nan,nan,nan
phi6,preeq,64,1.0,0.02,300.0,500,0.02,1.0,1.0,0.008,1.2,0.3,0.024,34,0.14288753503622362,0.9897389314012417,0.49486946570062085,0.4897915761656359,0.001,20,0.090576171875,8.0,0.0,0.0,0.6666666666666666,12.0,1.192424001771182,0.0,0.0,nan,nan,nan,nan
phi6,preeq,64,1.0,0.02,300.0,500,0.02,1.0,1.0,0.008,1.2,0.3,0.024,35,0.14288753503622362,0.9897389314012417,0.49486946570062085,0.4897915761656359,0.001,20,0.087158203125,8.0,0.0,0.0,0.8,10.0,1.4469796128487782,0.0,0.0,nan,150.8,153.1,194.08008953739014
phi6,preeq,64,1.0,0.02,300.0,500,0.02,1.0,1.0,0.008,1.2,0.3,0.024,36,0.14288753503622362,0.9897389314012417,0.49486946570062085,0.4897915761656359,0.001,20,0.09228515625,14.0,0.0,0.0,0.3888888888888889,36.0,2.200417400107052,0.0,0.0,nan,nan,nan,nan
phi6,preeq,64,1.0,0.02,300.0,500,0.02,1.0,1.0,0.008,1.2,0.3,0.024,37,0.14288753503622362,0.9897389314012417,0.49486946570062085,0.4897915761656359,0.001,20,0.08251953125,12.0,0.0,0.0,0.48,25.0,1.8238390523532741,0.0,0.0,nan,nan,nan,nan
phi6,preeq,64,1.0,0.02,300.0,500,0.02,1.0,1.0,0.008,1.2,0.3,0.024,38,0.14288753503622362,0.9897389314012417,0.49486946570062085,0.4897915761656359,0.001,20,0.093994140625,19.0,0.0,0.0,0.5428571428571428,35.0,2.162383008860435,0.0,0.0,nan,nan,nan,nan
phi6,preeq,64,1.0,0.02,300.0,500,0.02,1.0,1.0,0.008,1.2,0.3,0.024,39,0.14288753503622362,0.9897389314012417,0.49486946570062085,0.4897915761656359,0.001,20,0.088134765625,10.0,0.0,0.0,0.6666666666666666,15.0,1.5811388300841898,0.0,0.0,nan,268.6,269.6,nan
phi6,preeq,64,1.0,0.02,300.0,500,0.02,1.0,1.0,0.008,1.2,0.3,0.024,40,0.14288753503622362,0.9897389314012417,0.49486946570062085,0.4897915761656359,0.001,20,0.0791015625,11.0,0.0,0.0,0.55,20.0,1.6160353486028343,0.0,0.0,nan,nan,nan,nan
phi6,preeq,64,1.0,0.02,300.0,500,0.02,1.0,1.0,0.008,1.2,0.3,0.024,41,0.14288753503622362,0.9897389314012417,0.49486946570062085,0.4897915761656359,0.001,20,0.098388671875,16.0,0.0,0.0,0.4,40.0,2.323453786930138,0.0,0.0,nan,nan,nan,nan
phi6,preeq,64,1.0,0.02,300.0,500,0.02,1.0,1.0,0.008,1.2,0.3,0.024,42,0.14288753503622362,0.9897389314012417,0.49486946570062085,0.4897915761656359,0.001,20,0.095458984375,15.0,0.0,0.0,0.46875,32.0,2.1207964960782486,0.0,0.0,nan,251.70000000000002,252.6,nan
phi6,preeq,64,1.0,0.02,300.0,500,0.02,1.0,1.0,0.008,1.2,0.3,0.024,43,0.14288753503622362,0.9897389314012417,0.49486946570062085,0.4897915761656359,0.001,20,0.0927734375,19.0,0.0,0.0,0.30158730158730157,63.0,2.9341810241613375,0.0,0.0,nan,nan,nan,nan
phi6,preeq,64,1.0,0.02,300.0,500,0.02,1.0,1.0,0.008,1.2,0.3,0.024,44,0.14288753503622362,0.9897389314012417,0.49486946570062085,0.4897915761656359,0.001,20,0.083984375,9.0,0.0,0.0,0.5,18.0,1.8986674989594514,0.0,0.0,nan,nan,nan,nan
phi6,preeq,64,1.0,0.02,300.0,500,0.02,1.0,1.0,0.008,1.2,0.3,0.024,45,0.14288753503622362,0.9897389314012417,0.49486946570062085,0.4897915761656359,0.001,20,0.092529296875,14.0,0.0,0.0,0.5833333333333334,24.0,1.774248906910603,0.0,0.0,nan,nan,nan,nan
phi6,preeq,64,1.0,0.02,300.0,500,0.02,1.0,1.0,0.008,1.2,0.3,0.024,46,0.14288753503622362,0.9897389314012417,0.49486946570062085,0.4897915761656359,0.001,20,0.089111328125,11.0,0.0,0.0,0.55,20.0,1.6211413181933643,0.0,0.0,nan,nan,nan,nan
phi6,preeq,64,1.0,0.02,300.0,500,0.02,1.0,1.0,0.008,1.2,0.3,0.024,47,0.14288753503622362,0.9897389314012417,0.49486946570062085,0.4897915761656359,0.001,20,0.087158203125,14.0,0.0,0.0,0.4666666666666667,30.0,1.9126325484279834,0.0,0.0,nan,nan,nan,nan
phi6,preeq,64,1.0,0.02,300.0,500,0.02,1.0,1.0,0.008,1.2,0.3,0.024,48,0.14288753503622362,0.9897389314012417,0.49486946570062085,0.4897915761656359,0.001,20,0.089111328125,22.0,0.0,0.0,0.55,40.0,2.344767341187078,0.0,0.0,nan,nan,nan,nan
phi6,preeq,64,1.0,0.02,300.0,500,0.02,1.0,1.0,0.008,1.2,0.3,0.024,49,0.14288753503622362,0.9897389314012417,0.49486946570062085,0.4897915761656359,0.001,20,0.097412109375,16.0,0.0,0.0,0.5714285714285714,28.0,2.0520568949227505,0.0,0.0,nan,nan,nan,nan
phi6,preeq,64,1.0,0.02,300.0,500,0.02,1.0,1.0,0.008,1.5,0.3,0.03,0,0.14288753503622362,0.9897389314012417,0.49486946570062085,0.4897915761656359,0.001,20,0.134521484375,15.0,0.0,0.0,0.5,30.0,1.8135294011647258,0.0,0.0,nan,nan,nan,nan
phi6,preeq,64,1.0,0.02,300.0,500,0.02,1.0,1.0,0.008,1.5,0.3,0.03,1,0.14288753503622362,0.9897389314012417,0.49486946570062085,0.4897915761656359,0.001,20,0.130126953125,17.0,0.0,0.0,0.5666666666666667,30.0,1.7996539459739243,0.0,0.0,nan,nan,nan,nan
phi6,preeq,64,1.0,0.02,300.0,500,0.02,1.0,1.0,0.008,1.5,0.3,0.03,2,0.14288753503622362,0.9897389314012417,0.49486946570062085,0.4897915761656359,0.001,20,0.11328125,13.0,0.0,0.0,0.43333333333333335,30.0,1.8967427701443005,0.0,0.0,nan,nan,nan,nan
phi6,preeq,64,1.0,0.02,300.0,500,0.02,1.0,1.0,0.008,1.5,0.3,0.03,3,0.14288753503622362,0.9897389314012417,0.49486946570062085,0.4897915761656359,0.001,20,0.1259765625,10.0,0.0,0.0,0.6666666666666666,15.0,1.3601470508735443,0.0,0.0,nan,nan,nan,nan
phi6,preeq,64,1.0,0.02,300.0,500,0.02,1.0,1.0,0.008,1.5,0.3,0.03,4,0.14288753503622362,0.9897389314012417,0.49486946570062085,0.4897915761656359,0.001,20,0.1328125,23.0,0.0,0.0,0.42592592592592593,54.0,2.3308565484661234,0.0,0.0,nan,nan,nan,nan
phi6,preeq,64,1.0,0.02,300.0,500,0.02,1.0,1.0,0.008,1.5,0.3,0.03,5,0.14288753503622362,0.9897389314012417,0.49486946570062085,0.4897915761656359,0.001,20,0.113525390625,20.0,0.0,0.0,0.4166666666666667,48.0,2.7726341266023544,0.0,0.0,nan,nan,nan,nan
phi6,preeq,64,1.0,0.02,300.0,500,0.02,1.0,1.0,0.008,1.5,0.3,0.03,6,0.14288753503622362,0.9897389314012417,0.49486946570062085,0.4897915761656359,0.001,20,0.126953125,25.0,0.0,0.0,0.46296296296296297,54.0,2.778776709273345,0.0,0.0,nan,nan,nan,nan
phi6,preeq,64,1.0,0.02,300.0,500,0.02,1.0,1.0,0.008,1.5,0.3,0.03,7,0.14288753503622362,0.9897389314012417,0.49486946570062085,0.4897915761656359,0.001,20,0.124755859375,40.0,0.0,0.0,0.7142857142857143,56.0,2.84330353638158,0.0,0.0,nan,nan,nan,nan
phi6,preeq,64,1.0,0.02,300.0,500,0.02,1.0,1.0,0.008,1.5,0.3,0.03,8,0.14288753503622362,0.9897389314012417,0.49486946570062085,0.4897915761656359,0.001,20,0.139404296875,24.0,0.0,0.0,0.4897959183673469,49.0,2.569857324184879,0.0,0.0,nan,nan,nan,nan
phi6,preeq,64,1.0,0.02,300.0,500,0.02,1.0,1.0,0.008,1.5,0.3,0.03,9,0.14288753503622362,0.9897389314012417,0.49486946570062085,0.4897915761656359,0.001,20,0.1416015625,21.0,0.0,0.0,0.5833333333333334,36.0,2.098482336812448,0.0,0.0,nan,238.4,240.1,279.68395272132204
phi6,preeq,64,1.0,0.02,300.0,500,0.02,1.0,1.0,0.008,1.5,0.3,0.03,10,0.14288753503622362,0.9897389314012417,0.49486946570062085,0.4897915761656359,0.001,20,0.124267578125,11.0,0.0,0.0,0.55,20.0,1.656442468935327,0.0,0.0,nan,nan,nan,nan
phi6,preeq,64,1.0,0.02,300.0,500,0.02,1.0,1.0,0.008,1.5,0.3,0.03,11,0.14288753503622362,0.9897389314012417,0.49486946570062085,0.4897915761656359,0.001,20,0.1357421875,24.0,0.0,0.0,0.36363636363636365,66.0,2.9282508051356837,0.0,0.0,nan,nan,nan,nan
phi6,preeq,64,1.0,0.02,300.0,500,0.02,1.0,1.0,0.008,1.5,0.3,0.03,12,0.14288753503622362,0.9897389314012417,0.49486946570062085,0.4897915761656359,0.001,20,0.129638671875,16.0,0.0,0.0,0.4,40.0,2.5792137852454187,0.0,0.0,nan,233.8,236.0,275.05253224711475
phi6,preeq,64,1.0,0.02,300.0,500,0.02,1.0,1.0,0.008,1.5,0.3,0.03,13,0.14288753503622362,0.9897389314012417,0.49486946570062085,0.4897915761656359,0.001,20,0.1328125,30.0,0.0,0.0,0.5555555555555556,54.0,2.530919903030429,0.0,0.0,nan,nan,nan,nan
phi6,preeq,64,1.0,0.02,300.0,500,0.02,1.0,1.0,0.008,1.5,0.3,0.03,14,0.14288753503622362,0.9897389314012417,0.49486946570062085,0.4897915761656359,0.001,20,0.118408203125,25.0,0.0,0.0,0.44642857142857145,56.0,2.616256868122853,0.0,0.0,nan,nan,nan,nan
phi6,preeq,64,1.0,0.02,300.0,500,0.02,1.0,1.0,0.008,1.5,0.3,0.03,15,0.14288753503622362,0.9897389314012417,0.49486946570062085,0.4897915761656359,0.001,20,0.1279296875,12.0,0.0,0.0,0.48,25.0,1.7460272366464136,0.0,0.0,nan,nan,nan,nan
phi6,preeq,64,1.0,0.02,300.0,500,0.02,1.0,1.0,0.008,1.5,0.3,0.03,16,0.14288753503622362,0.9897389314012417,0.49486946570062085,0.4897915761656359,0.001,20,0.12451171875,24.0,0.0,0.0,0.5,48.0,2.435273199367076,0.0,0.0,nan,nan,nan,nan
phi6,preeq,64,1.0,0.02,300.0,500,0.02,1.0,1.0,0.008,1.5,0.3,0.03,17,0.14288753503622362,0.9897389314012417,0.49486946570062085,0.4897915761656359,0.001,20,0.122802734375,15.0,0.0,0.0,0.3125,48.0,2.536839678725393,0.0,0.0,nan,nan,nan,nan
phi6,preeq,64,1.0,0.02,300.0,500,0.02,1.0,1.0,0.008,1.5,0.3,0.03,18,0.14288753503622362,0.9897389314012417,0.49486946570062085,0.4897915761656359,0.001,20,0.13037109375,14.0,0.0,0.0,0.5,28.0,2.12492496866336,0.0,0.0,nan,nan,nan,nan
phi6,preeq,64,1.0,0.02,300.0,500,0.02,1.0,1.0,0.008,1.5,0.3,0.03,19,0.14288753503622362,0.9897389314012417,0.49486946570062085,0.4897915761656359,0.001,20,0.118896484375,11.0,0.0,0.0,0.44,25.0,1.7296634173127678,0.0,0.0,nan,nan,nan,nan
phi6,preeq,64,1.0,0.02,300.0,500,0.02,1.0,1.0,0.008,1.5,0.3,0.03,20,0.14288753503622362,0.9897389314012417,0.49486946570062085,0.4897915761656359,0.001,20,0.118896484375,17.0,0.0,0.0,0.5666666666666667,30.0,1.9259653580876352,0.0,0.0,nan,nan,nan,nan
phi6,preeq,64,1.0,0.02,300.0,500,0.02,1.0,1.0,0.008,1.5,0.3,0.03,21,0.14288753503622362,0.9897389314012417,0.49486946570062085,0.4897915761656359,0.001,20,0.1181640625,16.0,0.0,0.0,0.4444444444444444,36.0,2.0444284042245155,0.0,0.0,nan,nan,nan,nan
phi6,preeq,64,1.0,0.02,300.0,500,0.02,1.0,1.0,0.008,1.5,0.3,0.03,22,0.14288753503622362,0.9897389314012417,0.49486946570062085,0.4897915761656359,0.001,20,0.11865234375,10.0,0.0,0.0,0.625,16.0,1.4317821063276353,0.0,0.0,nan,nan,nan,nan
phi6,preeq,64,1.0,0.02,300.0,500,0.02,1.0,1.0,0.008,1.5,0.3,0.03,23,0.14288753503622362,0.9897389314012417,0.49486946570062085,0.4897915761656359,0.001,20,0.134765625,18.0,0.0,0.0,0.6,30.0,1.836697250535171,0.0,0.0,nan,nan,nan,nan
phi6,preeq,64,1.0,0.02,300.0,500,0.02,1.0,1.0,0.008,1.5,0.3,0.03,24,0.14288753503622362,0.9897389314012417,0.49486946570062085,0.4897915761656359,0.001,20,0.11328125,14.0,0.0,0.0,0.5,28.0,2.1104695289563082,0.0,0.0,nan,nan,nan,nan
phi6,preeq,64,1.0,0.02,300.0,500,0.02,1.0,1.0,0.008,1.5,0.3,0.03,25,0.14288753503622362,0.9897389314012417,0.49486946570062085,0.4897915761656359,0.001,20,0.126708984375,24.0,0.0,0.0,0.5,48.0,2.438123139721299,0.0,0.0,nan,nan,nan,nan
phi6,preeq,64,1.0,0.02,300.0,500,0.02,1.0,1.0,0.008,1.5,0.3,0.03,26,0.14288753503622362,0.9897389314012417,0.49486946570062085,0.4897915761656359,0.001,20,0.13330078125,14.0,0.0,0.0,0.56,25.0,1.605157503874588,0.0,0.0,nan,nan,nan,nan
phi6,preeq,64,1.0,0.02,300.0,500,0.02,1.0,1.0,0.008,1.5,0.3,0.03,27,0.14288753503622362,0.9897389314012417,0.49486946570062085,0.4897915761656359,0.001,20,0.13916015625,23.0,0.0,0.0,0.4107142857142857,56.0,2.437886220674119,0.0,0.0,nan,196.1,198.8,247.69899205440478
phi6,preeq,64,1.0,0.02,300.0,500,0.02,1.0,1.0,0.008,1.5,0.3,0.03,28,0.14288753503622362,0.9897389314012417,0.49486946570062085,0.4897915761656359,0.001,20,0.1318359375,18.0,0.0,0.0,0.5142857142857142,35.0,2.2450219279085277,0.0,0.0,nan,nan,nan,nan
phi6,preeq,64,1.0,0.02,300.0,500,0.02,1.0,1.0,0.008,1.5,0.3,0.03,29,0.14288753503622362,0.9897389314012417,0.49486946570062085,0.4897915761656359,0.001,20,0.12890625,13.0,0.0,0.0,0.5416666666666666,24.0,1.8461538461538463,0.0,0.0,nan,nan,nan,nan
phi6,preeq,64,1.0,0.02,300.0,500,0.02,1.0,1.0,0.008,1.5,0.3,0.03,30,0.14288753503622362,0.9897389314012417,0.49486946570062085,0.4897915761656359,0.001,20,0.121826171875,12.0,0.0,0.0,0.5,24.0,1.7638342073763937,0.0,0.0,nan,nan,nan,nan
phi6,preeq,64,1.0,0.02,300.0,500,0.02,1.0,1.0,0.008,1.5,0.3,0.03,31,0.14288753503622362,0.9897389314012417,0.49486946570062085,0.4897915761656359,0.001,20,0.122802734375,20.0,0.0,0.0,0.4,50.0,2.8892040426387333,0.0,0.0,nan,nan,nan,nan
phi6,preeq,64,1.0,0.02,300.0,500,0.02,1.0,1.0,0.008,1.5,0.3,0.03,32,0.14288753503622362,0.9897389314012417,0.49486946570062085,0.4897915761656359,0.001,20,0.12109375,15.0,0.0,0.0,0.75,20.0,1.6193277068654826,0.0,0.0,nan,nan,nan,nan
phi6,preeq,64,1.0,0.02,300.0,500,0.02,1.0,1.0,0.008,1.5,0.3,0.03,33,0.14288753503622362,0.9897389314012417,0.49486946570062085,0.4897915761656359,0.001,20,0.12841796875,14.0,0.0,0.0,0.4666666666666667,30.0,1.9897697538834456,0.0,0.0,nan,nan,nan,nan
phi6,preeq,64,1.0,0.02,300.0,500,0.02,1.0,1.0,0.008,1.5,0.3,0.03,34,0.14288753503622362,0.9897389314012417,0.49486946570062085,0.4897915761656359,0.001,20,0.131591796875,16.0,0.0,0.0,0.5333333333333333,30.0,2.0155644370746373,0.0,0.0,nan,nan,nan,nan
phi6,preeq,64,1.0,0.02,300.0,500,0.02,1.0,1.0,0.008,1.5,0.3,0.03,35,0.14288753503622362,0.9897389314012417,0.49486946570062085,0.4897915761656359,0.001,20,0.132080078125,19.0,0.0,0.0,0.3877551020408163,49.0,2.438154699347467,0.0,0.0,nan,nan,nan,nan
phi6,preeq,64,1.0,0.02,300.0,500,0.02,1.0,1.0,0.008,1.5,0.3,0.03,36,0.14288753503622362,0.9897389314012417,0.49486946570062085,0.4897915761656359,0.001,20,0.13330078125,18.0,0.0,0.0,0.6,30.0,1.966541113380873,0.0,0.0,nan,nan,nan,nan
phi6,preeq,64,1.0,0.02,300.0,500,0.02,1.0,1.0,0.008,1.5,0.3,0.03,37,0.14288753503622362,0.9897389314012417,0.49486946570062085,0.4897915761656359,0.001,20,0.12548828125,20.0,0.0,0.0,0.5,40.0,2.1725560982400434,0.0,0.0,nan,nan,nan,nan
phi6,preeq,64,1.0,0.02,300.0,500,0.02,1.0,1.0,0.008,1.5,0.3,0.03,38,0.14288753503622362,0.9897389314012417,0.49486946570062085,0.4897915761656359,0.001,20,0.1298828125,18.0,0.0,0.0,0.6,30.0,2.088327347690278,0.0,0.0,nan,nan,nan,nan
phi6,preeq,64,1.0,0.02,300.0,500,0.02,1.0,1.0,0.008,1.5,0.3,0.03,39,0.14288753503622362,0.9897389314012417,0.49486946570062085,0.4897915761656359,0.001,20,0.1220703125,18.0,0.0,0.0,0.5142857142857142,35.0,2.172357199557461,0.0,0.0,nan,nan,nan,nan
phi6,preeq,64,1.0,0.02,300.0,500,0.02,1.0,1.0,0.008,1.5,0.3,0.03,40,0.14288753503622362,0.9897389314012417,0.49486946570062085,0.4897915761656359,0.001,20,0.12451171875,10.0,0.0,0.0,0.35714285714285715,28.0,2.073644135332772,0.0,0.0,nan,nan,nan,nan
phi6,preeq,64,1.0,0.02,300.0,500,0.02,1.0,1.0,0.008,1.5,0.3,0.03,41,0.14288753503622362,0.9897389314012417,0.49486946570062085,0.4897915761656359,0.001,20,0.13916015625,25.0,0.0,0.0,0.35714285714285715,70.0,2.839154803810458,0.0,0.0,nan,nan,nan,nan
phi6,preeq,64,1.0,0.02,300.0,500,0.02,1.0,1.0,0.008,1.5,0.3,0.03,42,0.14288753503622362,0.9897389314012417,0.49486946570062085,0.4897915761656359,0.001,20,0.1240234375,16.0,0.0,0.0,0.5714285714285714,28.0,1.9151941807555704,0.0,0.0,nan,nan,nan,nan
phi6,preeq,64,1.0,0.02,300.0,500,0.02,1.0,1.0,0.008,1.5,0.3,0.03,43,0.14288753503622362,0.9897389314012417,0.49486946570062085,0.4897915761656359,0.001,20,0.136962890625,18.0,0.0,0.0,0.45,40.0,2.019962106966427,0.0,0.0,nan,nan,nan,nan
phi6,preeq,64,1.0,0.02,300.0,500,0.02,1.0,1.0,0.008,1.5,0.3,0.03,44,0.14288753503622362,0.9897389314012417,0.49486946570062085,0.4897915761656359,0.001,20,0.125244140625,15.0,0.0,0.0,0.5,30.0,2.176643695641934,0.0,0.0,nan,281.0,282.90000000000003,nan
phi6,preeq,64,1.0,0.02,300.0,500,0.02,1.0,1.0,0.008,1.5,0.3,0.03,45,0.14288753503622362,0.9897389314012417,0.49486946570062085,0.4897915761656359,0.001,20,0.126220703125,16.0,0.0,0.0,0.5714285714285714,28.0,2.0757152381769517,0.0,0.0,nan,nan,nan,nan
phi6,preeq,64,1.0,0.02,300.0,500,0.02,1.0,1.0,0.008,1.5,0.3,0.03,46,0.14288753503622362,0.9897389314012417,0.49486946570062085,0.4897915761656359,0.001,20,0.11328125,20.0,0.0,0.0,0.38461538461538464,52.0,3.7265936188428164,0.0,0.0,nan,nan,nan,nan
phi6,preeq,64,1.0,0.02,300.0,500,0.02,1.0,1.0,0.008,1.5,0.3,0.03,47,0.14288753503622362,0.9897389314012417,0.49486946570062085,0.4897915761656359,0.001,20,0.131103515625,19.0,0.0,0.0,0.4523809523809524,42.0,2.1366087505457303,0.0,0.0,nan,nan,nan,nan
phi6,preeq,64,1.0,0.02,300.0,500,0.02,1.0,1.0,0.008,1.5,0.3,0.03,48,0.14288753503622362,0.9897389314012417,0.49486946570062085,0.4897915761656359,0.001,20,0.122314453125,12.0,0.0,0.0,0.5,24.0,1.681186750152668,0.0,0.0,nan,nan,nan,nan
phi6,preeq,64,1.0,0.02,300.0,500,0.02,1.0,1.0,0.008,1.5,0.3,0.03,49,0.14288753503622362,0.9897389314012417,0.49486946570062085,0.4897915761656359,0.001,20,0.13916015625,18.0,0.0,0.0,0.3673469387755102,49.0,2.524570615000392,0.0,0.0,nan,nan,nan,nan
phi6,preeq,64,1.0,0.02,300.0,500,0.02,1.0,1.0,0.008,2.0,0.3,0.04,0,0.14288753503622362,0.9897389314012417,0.49486946570062085,0.4897915761656359,0.001,20,0.1826171875,20.0,0.0,0.0,0.37037037037037035,54.0,2.6038433132583076,0.0,0.0,nan,nan,nan,nan
phi6,preeq,64,1.0,0.02,300.0,500,0.02,1.0,1.0,0.008,2.0,0.3,0.04,1,0.14288753503622362,0.9897389314012417,0.49486946570062085,0.4897915761656359,0.001,20,0.186279296875,25.0,0.0,0.0,0.6944444444444444,36.0,2.649075310367752,0.0,0.0,nan,nan,nan,nan
phi6,preeq,64,1.0,0.02,300.0,500,0.02,1.0,1.0,0.008,2.0,0.3,0.04,2,0.14288753503622362,0.9897389314012417,0.49486946570062085,0.4897915761656359,0.001,20,0.181884765625,24.0,0.0,0.0,0.42857142857142855,56.0,2.5883687484162254,0.0,0.0,nan,nan,nan,nan
phi6,preeq,64,1.0,0.02,300.0,500,0.02,1.0,1.0,0.008,2.0,0.3,0.04,3,0.14288753503622362,0.9897389314012417,0.49486946570062085,0.4897915761656359,0.001,20,0.189208984375,18.0,0.0,0.0,0.45,40.0,2.2804861946415325,0.0,0.0,nan,nan,nan,nan
phi6,preeq,64,1.0,0.02,300.0,500,0.02,1.0,1.0,0.008,2.0,0.3,0.04,4,0.14288753503622362,0.9897389314012417,0.49486946570062085,0.4897915761656359,0.001,20,0.19775390625,30.0,0.0,0.0,0.6122448979591837,49.0,2.3918844267880317,0.0,0.0,nan,nan,nan,nan
phi6,preeq,64,1.0,0.02,300.0,500,0.02,1.0,1.0,0.008,2.0,0.3,0.04,5,0.14288753503622362,0.9897389314012417,0.49486946570062085,0.4897915761656359,0.001,20,0.185546875,37.0,0.0,0.0,0.44047619047619047,84.0,3.6391267143702546,0.0,0.0,nan,nan,nan,nan
phi6,preeq,64,1.0,0.02,300.0,500,0.02,1.0,1.0,0.008,2.0,0.3,0.04,6,0.14288753503622362,0.9897389314012417,0.49486946570062085,0.4897915761656359,0.001,20,0.184326171875,16.0,0.0,0.0,0.38095238095238093,42.0,2.3242942477233814,0.0,0.0,nan,nan,nan,nan
phi6,preeq,64,1.0,0.02,300.0,500,0.02,1.0,1.0,0.008,2.0,0.3,0.04,7,0.14288753503622362,0.9897389314012417,0.49486946570062085,0.4897915761656359,0.001,20,0.199462890625,31.0,0.0,0.0,0.484375,64.0,2.8014415792509926,0.0,0.0,nan,nan,nan,nan
phi6,preeq,64,1.0,0.02,300.0,500,0.02,1.0,1.0,0.008,2.0,0.3,0.04,8,0.14288753503622362,0.9897389314012417,0.49486946570062085,0.4897915761656359,0.001,20,0.182861328125,33.0,0.0,0.0,0.3333333333333333,99.0,3.2493553786085316,0.0,0.0,nan,nan,nan,nan
phi6,preeq,64,1.0,0.02,300.0,500,0.02,1.0,1.0,0.008,2.0,0.3,0.04,9,0.14288753503622362,0.9897389314012417,0.49486946570062085,0.4897915761656359,0.001,20,0.173828125,26.0,0.0,0.0,0.6190476190476191,42.0,2.6518944886058766,0.0,0.0,nan,nan,nan,nan
phi6,preeq,64,1.0,0.02,300.0,500,0.02,1.0,1.0,0.008,2.0,0.3,0.04,10,0.14288753503622362,0.9897389314012417,0.49486946570062085,0.4897915761656359,0.001,20,0.18408203125,18.0,0.0,0.0,0.375,48.0,2.137986822765984,0.0,0.0,nan,nan,nan,nan
phi6,preeq,64,1.0,0.02,300.0,500,0.02,1.0,1.0,0.008,2.0,0.3,0.04,11,0.14288753503622362,0.9897389314012417,0.49486946570062085,0.4897915761656359,0.001,20,0.215087890625,33.0,0.0,0.0,0.4074074074074074,81.0,3.0837707232020732,0.0,0.0,nan,nan,nan,nan
phi6,preeq,64,1.0,0.02,300.0,500,0.02,1.0,1.0,0.008,2.0,0.3,0.04,12,0.14288753503622362,0.9897389314012417,0.49486946570062085,0.4897915761656359,0.001,20,0.18603515625,20.0,0.0,0.0,0.4,50.0,2.759981883998517,0.0,0.0,nan,nan,nan,nan
phi6,preeq,64,1.0,0.02,300.0,500,0.02,1.0,1.0,0.008,2.0,0.3,0.04,13,0.14288753503622362,0.9897389314012417,0.49486946570062085,0.4897915761656359,0.001,20,0.186279296875,22.0,0.0,0.0,0.4074074074074074,54.0,2.507838949842495,0.0,0.0,nan,284.0,285.3,nan
phi6,preeq,64,1.0,0.02,300.0,500,0.02,1.0,1.0,0.008,2.0,0.3,0.04,14,0.14288753503622362,0.9897389314012417,0.49486946570062085,0.4897915761656359,0.001,20,0.182373046875,25.0,0.000244140625,1.0,0.4166666666666667,60.0,2.992256673482407,1.0,1.0,0.0,nan,nan,nan
phi6,preeq,64,1.0,0.02,300.0,500,0.02,1.0,1.0,0.008,2.0,0.3,0.04,15,0.14288753503622362,0.9897389314012417,0.49486946570062085,0.4897915761656359,0.001,20,0.20166015625,35.0,0.0,0.0,0.3181818181818182,110.0,3.550222758173501,0.0,0.0,nan,nan,nan,nan
phi6,preeq,64,1.0,0.02,300.0,500,0.02,1.0,1.0,0.008,2.0,0.3,0.04,16,0.14288753503622362,0.9897389314012417,0.49486946570062085,0.4897915761656359,0.001,20,0.2001953125,24.0,0.000244140625,1.0,0.42857142857142855,56.0,2.4572737829644553,1.0,1.0,0.0,nan,nan,nan
phi6,preeq,64,1.0,0.02,300.0,500,0.02,1.0,1.0,0.008,2.0,0.3,0.04,17,0.14288753503622362,0.9897389314012417,0.49486946570062085,0.4897915761656359,0.001,20,0.18701171875,30.0,0.0,0.0,0.5454545454545454,55.0,3.0841890704401087,0.0,0.0,nan,nan,nan,nan
phi6,preeq,64,1.0,0.02,300.0,500,0.02,1.0,1.0,0.008,2.0,0.3,0.04,18,0.14288753503622362,0.9897389314012417,0.49486946570062085,0.4897915761656359,0.001,20,0.181640625,28.0,0.0,0.0,0.4375,64.0,2.7792966369062455,0.0,0.0,nan,nan,nan,nan
phi6,preeq,64,1.0,0.02,300.0,500,0.02,1.0,1.0,0.008,2.0,0.3,0.04,19,0.14288753503622362,0.9897389314012417,0.49486946570062085,0.4897915761656359,0.001,20,0.17431640625,12.0,0.0,0.0,0.5,24.0,2.157029850924131,0.0,0.0,nan,nan,nan,nan
phi6,preeq,64,1.0,0.02,300.0,500,0.02,1.0,1.0,0.008,2.0,0.3,0.04,20,0.14288753503622362,0.9897389314012417,0.49486946570062085,0.4897915761656359,0.001,20,0.208251953125,32.0,0.0,0.0,0.2909090909090909,110.0,3.614613352420975,0.0,0.0,nan,nan,nan,nan
phi6,preeq,64,1.0,0.02,300.0,500,0.02,1.0,1.0,0.008,2.0,0.3,0.04,21,0.14288753503622362,0.9897389314012417,0.49486946570062085,0.4897915761656359,0.001,20,0.187255859375,21.0,0.0,0.0,0.35,60.0,3.025215271289255,0.0,0.0,nan,nan,nan,nan
phi6,preeq,64,1.0,0.02,300.0,500,0.02,1.0,1.0,0.008,2.0,0.3,0.04,22,0.14288753503622362,0.9897389314012417,0.49486946570062085,0.4897915761656359,0.001,20,0.19189453125,19.0,0.0,0.0,0.475,40.0,2.2844773067590216,0.0,0.0,nan,nan,nan,nan
phi6,preeq,64,1.0,0.02,300.0,500,0.02,1.0,1.0,0.008,2.0,0.3,0.04,23,0.14288753503622362,0.9897389314012417,0.49486946570062085,0.4897915761656359,0.001,20,0.188232421875,34.0,0.0,0.0,0.5666666666666667,60.0,3.235561486278369,0.0,0.0,nan,nan,nan,nan
phi6,preeq,64,1.0,0.02,300.0,500,0.02,1.0,1.0,0.008,2.0,0.3,0.04,24,0.14288753503622362,0.9897389314012417,0.49486946570062085,0.4897915761656359,0.001,20,0.190673828125,29.0,0.0,0.0,0.453125,64.0,2.7667982242644844,0.0,0.0,nan,nan,nan,nan
phi6,preeq,64,1.0,0.02,300.0,500,0.02,1.0,1.0,0.008,2.0,0.3,0.04,25,0.14288753503622362,0.9897389314012417,0.49486946570062085,0.4897915761656359,0.001,20,0.1845703125,15.0,0.0,0.0,0.5,30.0,1.9482185594936612,0.0,0.0,nan,nan,nan,nan
phi6,preeq,64,1.0,0.02,300.0,500,0.02,1.0,1.0,0.008,2.0,0.3,0.04,26,0.14288753503622362,0.9897389314012417,0.49486946570062085,0.4897915761656359,0.001,20,0.181640625,33.0,0.0,0.0,0.23076923076923078,143.0,4.547070419855198,0.0,0.0,nan,nan,nan,nan
phi6,preeq,64,1.0,0.02,300.0,500,0.02,1.0,1.0,0.008,2.0,0.3,0.04,27,0.14288753503622362,0.9897389314012417,0.49486946570062085,0.4897915761656359,0.001,20,0.170166015625,19.0,0.0,0.0,0.6333333333333333,30.0,1.9916724135183685,0.0,0.0,nan,nan,nan,nan
phi6,preeq,64,1.0,0.02,300.0,500,0.02,1.0,1.0,0.008,2.0,0.3,0.04,28,0.14288753503622362,0.9897389314012417,0.49486946570062085,0.4897915761656359,0.001,20,0.18359375,19.0,0.0,0.0,0.5428571428571428,35.0,2.2130311622766987,0.0,0.0,nan,186.0,186.9,231.1421513566499
phi6,preeq,64,1.0,0.02,300.0,500,0.02,1.0,1.0,0.008,2.0,0.3,0.04,29,0.14288753503622362,0.9897389314012417,0.49486946570062085,0.4897915761656359,0.001,20,0.189453125,20.0,0.0,0.0,0.5555555555555556,36.0,1.984313483298443,0.0,0.0,nan,nan,nan,nan
phi6,preeq,64,1.0,0.02,300.0,500,0.02,1.0,1.0,0.008,2.0,0.3,0.04,30,0.14288753503622362,0.9897389314012417,0.49486946570062085,0.4897915761656359,0.001,20,0.189208984375,30.0,0.0,0.0,0.30303030303030304,99.0,3.7931224311611373,0.0,0.0,nan,nan,nan,nan
phi6,preeq,64,1.0,0.02,300.0,500,0.02,1.0,1.0,0.008,2.0,0.3,0.04,31,0.14288753503622362,0.9897389314012417,0.49486946570062085,0.4897915761656359,0.001,20,0.187255859375,17.0,0.0,0.0,0.4857142857142857,35.0,1.9930675701291078,0.0,0.0,nan,147.8,150.20000000000002,197.6055037950664
phi6,preeq,64,1.0,0.02,300.0,500,0.02,1.0,1.0,0.008,2.0,0.3,0.04,32,0.14288753503622362,0.9897389314012417,0.49486946570062085,0.4897915761656359,0.001,20,0.193603515625,23.0,0.0,0.0,0.46938775510204084,49.0,2.434782608695652,0.0,0.0,nan,nan,nan,nan
phi6,preeq,64,1.0,0.02,300.0,500,0.02,1.0,1.0,0.008,2.0,0.3,0.04,33,0.14288753503622362,0.9897389314012417,0.49486946570062085,0.4897915761656359,0.001,20,0.19140625,22.0,0.0,0.0,0.55,40.0,2.2498852128662876,0.0,0.0,nan,nan,nan,nan
phi6,preeq,64,1.0,0.02,300.0,500,0.02,1.0,1.0,0.008,2.0,0.3,0.04,34,0.14288753503622362,0.9897389314012417,0.49486946570062085,0.4897915761656359,0.001,20,0.1787109375,20.0,0.0,0.0,0.47619047619047616,42.0,2.4834451876375288,0.0,0.0,nan,nan,nan,nan
phi6,preeq,64,1.0,0.02,300.0,500,0.02,1.0,1.0,0.008,2.0,0.3,0.04,35,0.14288753503622362,0.9897389314012417,0.49486946570062085,0.4897915761656359,0.001,20,0.201171875,22.0,0.0,0.0,0.6111111111111112,36.0,2.0695549886967655,0.0,0.0,nan,nan,nan,nan
phi6,preeq,64,1.0,0.02,300.0,500,0.02,1.0,1.0,0.008,2.0,0.3,0.04,36,0.14288753503622362,0.9897389314012417,0.49486946570062085,0.4897915761656359,0.001,20,0.19091796875,45.0,0.0,0.0,0.2727272727272727,165.0,4.030500995112759,0.0,0.0,nan,nan,nan,nan
phi6,preeq,64,1.0,0.02,300.0,500,0.02,1.0,1.0,0.008,2.0,0.3,0.04,37,0.14288753503622362,0.9897389314012417,0.49486946570062085,0.4897915761656359,0.001,20,0.197998046875,22.0,0.0,0.0,0.55,40.0,2.453282503366115,0.0,0.0,nan,nan,nan,nan
phi6,preeq,64,1.0,0.02,300.0,500,0.02,1.0,1.0,0.008,2.0,0.3,0.04,38,0.14288753503622362,0.9897389314012417,0.49486946570062085,0.4897915761656359,0.001,20,0.180908203125,23.0,0.0,0.0,0.3194444444444444,72.0,2.8523859942359526,0.0,0.0,nan,nan,nan,nan
phi6,preeq,64,1.0,0.02,300.0,500,0.02,1.0,1.0,0.008,2.0,0.3,0.04,39,0.14288753503622362,0.9897389314012417,0.49486946570062085,0.4897915761656359,0.001,20,0.17431640625,15.0,0.0,0.0,0.5357142857142857,28.0,2.1827607391659867,0.0,0.0,nan,nan,nan,nan
phi6,preeq,64,1.0,0.02,300.0,500,0.02,1.0,1.0,0.008,2.0,0.3,0.04,40,0.14288753503622362,0.9897389314012417,0.49486946570062085,0.4897915761656359,0.001,20,0.1875,17.0,0.0,0.0,0.3469387755102041,49.0,2.6750157649181348,0.0,0.0,nan,nan,nan,nan
phi6,preeq,64,1.0,0.02,300.0,500,0.02,1.0,1.0,0.008,2.0,0.3,0.04,41,0.14288753503622362,0.9897389314012417,0.49486946570062085,0.4897915761656359,0.001,20,0.189697265625,17.0,0.000244140625,1.0,0.4722222222222222,36.0,1.9895922970926778,1.0,1.0,0.0,nan,nan,nan
phi6,preeq,64,1.0,0.02,300.0,500,0.02,1.0,1.0,0.008,2.0,0.3,0.04,42,0.14288753503622362,0.9897389314012417,0.49486946570062085,0.4897915761656359,0.001,20,0.193359375,19.0,0.0,0.0,0.4222222222222222,45.0,2.5076061578045463,0.0,0.0,nan,nan,nan,nan
phi6,preeq,64,1.0,0.02,300.0,500,0.02,1.0,1.0,0.008,2.0,0.3,0.04,43,0.14288753503622362,0.9897389314012417,0.49486946570062085,0.4897915761656359,0.001,20,0.179931640625,21.0,0.0,0.0,0.5,42.0,2.229466649660881,0.0,0.0,nan,nan,nan,nan
phi6,preeq,64,1.0,0.02,300.0,500,0.02,1.0,1.0,0.008,2.0,0.3,0.04,44,0.14288753503622362,0.9897389314012417,0.49486946570062085,0.4897915761656359,0.001,20,0.16796875,25.0,0.0,0.0,0.3968253968253968,63.0,3.072979010667011,0.0,0.0,nan,nan,nan,nan
phi6,preeq,64,1.0,0.02,300.0,500,0.02,1.0,1.0,0.008,2.0,0.3,0.04,45,0.14288753503622362,0.9897389314012417,0.49486946570062085,0.4897915761656359,0.001,20,0.179931640625,26.0,0.0,0.0,0.37142857142857144,70.0,3.0704258325026204,0.0,0.0,nan,nan,nan,nan
phi6,preeq,64,1.0,0.02,300.0,500,0.02,1.0,1.0,0.008,2.0,0.3,0.04,46,0.14288753503622362,0.9897389314012417,0.49486946570062085,0.4897915761656359,0.001,20,0.182373046875,21.0,0.0,0.0,0.42,50.0,2.588129188895465,0.0,0.0,nan,nan,nan,nan
phi6,preeq,64,1.0,0.02,300.0,500,0.02,1.0,1.0,0.008,2.0,0.3,0.04,47,0.14288753503622362,0.9897389314012417,0.49486946570062085,0.4897915761656359,0.001,20,0.206298828125,20.0,0.0,0.0,0.5555555555555556,36.0,1.9646882704388502,0.0,0.0,nan,nan,nan,nan
phi6,preeq,64,1.0,0.02,300.0,500,0.02,1.0,1.0,0.008,2.0,0.3,0.04,48,0.14288753503622362,0.9897389314012417,0.49486946570062085,0.4897915761656359,0.001,20,0.19189453125,33.0,0.0,0.0,0.39285714285714285,84.0,3.210405488036128,0.0,0.0,nan,nan,nan,nan
phi6,preeq,64,1.0,0.02,300.0,500,0.02,1.0,1.0,0.008,2.0,0.3,0.04,49,0.14288753503622362,0.9897389314012417,0.49486946570062085,0.4897915761656359,0.001,20,0.18115234375,17.0,0.0,0.0,0.4857142857142857,35.0,2.0579830217101063,0.0,0.0,nan,nan,nan,nan
phi6,preeq,64,1.0,0.02,300.0,500,0.02,1.0,1.0,0.008,3.0,0.3,0.06,0,0.14288753503622362,0.9897389314012417,0.49486946570062085,0.4897915761656359,0.001,20,0.268310546875,41.0,0.00048828125,1.0,0.45555555555555555,90.0,2.963389541196582,1.0,1.0,0.0,nan,nan,nan
phi6,preeq,64,1.0,0.02,300.0,500,0.02,1.0,1.0,0.008,3.0,0.3,0.06,1,0.14288753503622362,0.9897389314012417,0.49486946570062085,0.4897915761656359,0.001,20,0.285888671875,37.0,0.00048828125,1.0,0.4111111111111111,90.0,3.341747354826753,1.0,1.0,0.0,nan,nan,nan
phi6,preeq,64,1.0,0.02,300.0,500,0.02,1.0,1.0,0.008,3.0,0.3,0.06,2,0.14288753503622362,0.9897389314012417,0.49486946570062085,0.4897915761656359,0.001,20,0.297119140625,49.0,0.000244140625,1.0,0.44545454545454544,110.0,3.5553574265682335,1.0,1.0,0.0,nan,nan,nan
phi6,preeq,64,1.0,0.02,300.0,500,0.02,1.0,1.0,0.008,3.0,0.3,0.06,3,0.14288753503622362,0.9897389314012417,0.49486946570062085,0.4897915761656359,0.001,20,0.283203125,42.0,0.0,0.0,0.4666666666666667,90.0,3.178816648290164,0.0,0.0,nan,nan,nan,nan
phi6,preeq,64,1.0,0.02,300.0,500,0.02,1.0,1.0,0.008,3.0,0.3,0.06,4,0.14288753503622362,0.9897389314012417,0.49486946570062085,0.4897915761656359,0.001,20,0.294189453125,33.0,0.0,0.0,0.4583333333333333,72.0,2.7660542320591577,0.0,0.0,nan,nan,nan,nan
phi6,preeq,64,1.0,0.02,300.0,500,0.02,1.0,1.0,0.008,3.0,0.3,0.06,5,0.14288753503622362,0.9897389314012417,0.49486946570062085,0.4897915761656359,0.001,20,0.286865234375,53.0,0.000732421875,1.0,0.33125,160.0,4.982704154436347,1.0,1.0,0.0,nan,nan,nan
phi6,preeq,64,1.0,0.02,300.0,500,0.02,1.0,1.0,0.008,3.0,0.3,0.06,6,0.14288753503622362,0.9897389314012417,0.49486946570062085,0.4897915761656359,0.001,20,0.285888671875,56.0,0.0,0.0,0.3076923076923077,182.0,5.0105755504671095,0.0,0.0,nan,nan,nan,nan
phi6,preeq,64,1.0,0.02,300.0,500,0.02,1.0,1.0,0.008,3.0,0.3,0.06,7,0.14288753503622362,0.9897389314012417,0.49486946570062085,0.4897915761656359,0.001,20,0.288330078125,53.0,0.000732421875,1.0,0.5096153846153846,104.0,3.595713598630301,1.0,1.0,0.0,nan,nan,nan
phi6,preeq,64,1.0,0.02,300.0,500,0.02,1.0,1.0,0.008,3.0,0.3,0.06,8,0.14288753503622362,0.9897389314012417,0.49486946570062085,0.4897915761656359,0.001,20,0.29052734375,42.0,0.00048828125,1.0,0.42424242424242425,99.0,3.721147507894602,1.0,1.0,0.0,74.3,77.10000000000001,123.42123262118537
phi6,preeq,64,1.0,0.02,300.0,500,0.02,1.0,1.0,0.008,3.0,0.3,0.06,9,0.14288753503622362,0.9897389314012417,0.49486946570062085,0.4897915761656359,0.001,20,0.294677734375,34.0,0.00048828125,2.0,0.2698412698412698,126.0,4.397329324750583,1.0,2.0,0.5,nan,nan,nan
phi6,preeq,64,1.0,0.02,300.0,500,0.02,1.0,1.0,0.008,3.0,0.3,0.06,10,0.14288753503622362,0.9897389314012417,0.49486946570062085,0.4897915761656359,0.001,20,0.29833984375,43.0,0.000732421875,1.0,0.33076923076923076,130.0,4.663124154404884,1.0,1.0,0.0,144.20000000000002,150.5,199.84060774379728
phi6,preeq,64,1.0,0.02,300.0,500,0.02,1.0,1.0,0.008,3.0,0.3,0.06,11,0.14288753503622362,0.9897389314012417,0.49486946570062085,0.4897915761656359,0.001,20,0.289306640625,39.0,0.000244140625,1.0,0.3482142857142857,112.0,4.693358436368226,1.0,1.0,0.0,nan,nan,nan
phi6,preeq,64,1.0,0.02,300.0,500,0.02,1.0,1.0,0.008,3.0,0.3,0.06,12,0.14288753503622362,0.9897389314012417,0.49486946570062085,0.4897915761656359,0.001,20,0.2890625,45.0,0.000244140625,1.0,0.234375,192.0,5.207591799064037,1.0,1.0,0.0,nan,nan,nan
phi6,preeq,64,1.0,0.02,300.0,500,0.02,1.0,1.0,0.008,3.0,0.3,0.06,13,0.14288753503622362,0.9897389314012417,0.49486946570062085,0.4897915761656359,0.001,20,0.284912109375,34.0,0.0,0.0,0.4722222222222222,72.0,3.0183980260394114,0.0,0.0,nan,193.3,195.4,241.9905958213415
phi6,preeq,64,1.0,0.02,300.0,500,0.02,1.0,1.0,0.008,3.0,0.3,0.06,14,0.14288753503622362,0.9897389314012417,0.49486946570062085,0.4897915761656359,0.001,20,0.272705078125,32.0,0.00048828125,1.0,0.5714285714285714,56.0,2.5577318443300503,1.0,1.0,0.0,nan,nan,nan
phi6,preeq,64,1.0,0.02,300.0,500,0.02,1.0,1.0,0.008,3.0,0.3,0.06,15,0.14288753503622362,0.9897389314012417,0.49486946570062085,0.4897915761656359,0.001,20,0.27197265625,37.0,0.0009765625,2.0,0.4625,80.0,2.9668241081216418,1.0,2.0,0.5,nan,nan,nan
phi6,preeq,64,1.0,0.02,300.0,500,0.02,1.0,1.0,0.008,3.0,0.3,0.06,16,0.14288753503622362,0.9897389314012417,0.49486946570062085,0.4897915761656359,0.001,20,0.2900390625,49.0,0.000244140625,1.0,0.4375,112.0,3.854712548252374,1.0,1.0,0.0,nan,nan,nan
phi6,preeq,64,1.0,0.02,300.0,500,0.02,1.0,1.0,0.008,3.0,0.3,0.06,17,0.14288753503622362,0.9897389314012417,0.49486946570062085,0.4897915761656359,0.001,20,0.281494140625,63.0,0.0,0.0,0.375,168.0,4.225443335104721,0.0,0.0,nan,nan,nan,nan
phi6,preeq,64,1.0,0.02,300.0,500,0.02,1.0,1.0,0.008,3.0,0.3,0.06,18,0.14288753503622362,0.9897389314012417,0.49486946570062085,0.4897915761656359,0.001,20,0.30419921875,44.0,0.000244140625,1.0,0.3333333333333333,132.0,3.8851672799750117,1.0,1.0,0.0,nan,nan,nan
phi6,preeq,64,1.0,0.02,300.0,500,0.02,1.0,1.0,0.008,3.0,0.3,0.06,19,0.14288753503622362,0.9897389314012417,0.49486946570062085,0.4897915761656359,0.001,20,0.28955078125,63.0,0.0,0.0,0.3727810650887574,169.0,4.297924991674936,0.0,0.0,nan,nan,nan,nan
phi6,preeq,64,1.0,0.02,300.0,500,0.02,1.0,1.0,0.008,3.0,0.3,0.06,20,0.14288753503622362,0.9897389314012417,0.49486946570062085,0.4897915761656359,0.001,20,0.26220703125,43.0,0.000732421875,2.0,0.48863636363636365,88.0,3.1586840644371432,1.0,2.0,0.5,113.3,114.2,156.11269912742938
phi6,preeq,64,1.0,0.02,300.0,500,0.02,1.0,1.0,0.008,3.0,0.3,0.06,21,0.14288753503622362,0.9897389314012417,0.49486946570062085,0.4897915761656359,0.001,20,0.311279296875,41.0,0.0,0.0,0.5857142857142857,70.0,3.250406097357596,0.0,0.0,nan,nan,nan,nan
phi6,preeq,64,1.0,0.02,300.0,500,0.02,1.0,1.0,0.008,3.0,0.3,0.06,22,0.14288753503622362,0.9897389314012417,0.49486946570062085,0.4897915761656359,0.001,20,0.286376953125,57.0,0.000244140625,1.0,0.375,152.0,5.577236855729378,1.0,1.0,0.0,nan,nan,nan
phi6,preeq,64,1.0,0.02,300.0,500,0.02,1.0,1.0,0.008,3.0,0.3,0.06,23,0.14288753503622362,0.9897389314012417,0.49486946570062085,0.4897915761656359,0.001,20,0.295654296875,36.0,0.0,0.0,0.5714285714285714,63.0,3.2998316455372216,0.0,0.0,nan,180.6,182.5,227.7599941797622
phi6,preeq,64,1.0,0.02,300.0,500,0.02,1.0,1.0,0.008,3.0,0.3,0.06,24,0.14288753503622362,0.9897389314012417,0.49486946570062085,0.4897915761656359,0.001,20,0.28076171875,29.0,0.000244140625,1.0,0.4603174603174603,63.0,2.7975698644099056,1.0,1.0,0.0,214.9,218.0,258.368958816055
phi6,preeq,64,1.0,0.02,300.0,500,0.02,1.0,1.0,0.008,3.0,0.3,0.06,25,0.14288753503622362,0.9897389314012417,0.49486946570062085,0.4897915761656359,0.001,20,0.287109375,40.0,0.0,0.0,0.37037037037037035,108.0,3.727180569814132,0.0,0.0,nan,nan,nan,nan
phi6,preeq,64,1.0,0.02,300.0,500,0.02,1.0,1.0,0.008,3.0,0.3,0.06,26,0.14288753503622362,0.9897389314012417,0.49486946570062085,0.4897915761656359,0.001,20,0.285400390625,55.0,0.0,0.0,0.38461538461538464,143.0,3.7886302284947875,0.0,0.0,nan,nan,nan,nan
phi6,preeq,64,1.0,0.02,300.0,500,0.02,1.0,1.0,0.008,3.0,0.3,0.06,27,0.14288753503622362,0.9897389314012417,0.49486946570062085,0.4897915761656359,0.001,20,0.263916015625,36.0,0.000244140625,1.0,0.3333333333333333,108.0,3.7063300873032587,1.0,1.0,0.0,nan,nan,nan
phi6,preeq,64,1.0,0.02,300.0,500,0.02,1.0,1.0,0.008,3.0,0.3,0.06,28,0.14288753503622362,0.9897389314012417,0.49486946570062085,0.4897915761656359,0.001,20,0.289306640625,35.0,0.0,0.0,0.43209876543209874,81.0,3.1787560139020368,0.0,0.0,nan,nan,nan,nan
phi6,preeq,64,1.0,0.02,300.0,500,0.02,1.0,1.0,0.008,3.0,0.3,0.06,29,0.14288753503622362,0.9897389314012417,0.49486946570062085,0.4897915761656359,0.001,20,0.2880859375,65.0,0.000732421875,1.0,0.3125,208.0,5.302717847297491,1.0,1.0,0.0,nan,nan,nan
phi6,preeq,64,1.0,0.02,300.0,500,0.02,1.0,1.0,0.008,3.0,0.3,0.06,30,0.14288753503622362,0.9897389314012417,0.49486946570062085,0.4897915761656359,0.001,20,0.273193359375,33.0,0.000244140625,1.0,0.4074074074074074,81.0,3.1137008767186685,1.0,1.0,0.0,nan,nan,nan
phi6,preeq,64,1.0,0.02,300.0,500,0.02,1.0,1.0,0.008,3.0,0.3,0.06,31,0.14288753503622362,0.9897389314012417,0.49486946570062085,0.4897915761656359,0.001,20,0.28515625,41.0,0.000732421875,1.0,0.2867132867132867,143.0,4.153222410972349,1.0,1.0,0.0,nan,nan,nan
phi6,preeq,64,1.0,0.02,300.0,500,0.02,1.0,1.0,0.008,3.0,0.3,0.06,32,0.14288753503622362,0.9897389314012417,0.49486946570062085,0.4897915761656359,0.001,20,0.29248046875,46.0,0.00048828125,1.0,0.35384615384615387,130.0,4.1513201945017295,1.0,1.0,0.0,nan,nan,nan
phi6,preeq,64,1.0,0.02,300.0,500,0.02,1.0,1.0,0.008,3.0,0.3,0.06,33,0.14288753503622362,0.9897389314012417,0.49486946570062085,0.4897915761656359,0.001,20,0.294189453125,29.0,0.000244140625,1.0,0.3625,80.0,2.924333109946785,1.0,1.0,0.0,277.2,278.6,nan
phi6,preeq,64,1.0,0.02,300.0,500,0.02,1.0,1.0,0.008,3.0,0.3,0.06,34,0.14288753503622362,0.9897389314012417,0.49486946570062085,0.4897915761656359,0.001,20,0.292236328125,38.0,0.0,0.0,0.3247863247863248,117.0,3.6396744245739217,0.0,0.0,nan,nan,nan,nan
phi6,preeq,64,1.0,0.02,300.0,500,0.02,1.0,1.0,0.008,3.0,0.3,0.06,35,0.14288753503622362,0.9897389314012417,0.49486946570062085,0.4897915761656359,0.001,20,0.285400390625,35.0,0.0,0.0,0.3977272727272727,88.0,3.333687056061967,0.0,0.0,nan,nan,nan,nan
phi6,preeq,64,1.0,0.02,300.0,500,0.02,1.0,1.0,0.008,3.0,0.3,0.06,36,0.14288753503622362,0.9897389314012417,0.49486946570062085,0.4897915761656359,0.001,20,0.2939453125,38.0,0.0,0.0,0.3247863247863248,117.0,4.053315048313717,0.0,0.0,nan,nan,nan,nan
phi6,preeq,64,1.0,0.02,300.0,500,0.02,1.0,1.0,0.008,3.0,0.3,0.06,37,0.14288753503622362,0.9897389314012417,0.49486946570062085,0.4897915761656359,0.001,20,0.295166015625,35.0,0.000732421875,1.0,0.45454545454545453,77.0,3.257393474067565,1.0,1.0,0.0,nan,nan,nan
phi6,preeq,64,1.0,0.02,300.0,500,0.02,1.0,1.0,0.008,3.0,0.3,0.06,38,0.14288753503622362,0.9897389314012417,0.49486946570062085,0.4897915761656359,0.001,20,0.293212890625,33.0,0.000244140625,1.0,0.3333333333333333,99.0,3.655505175757629,1.0,1.0,0.0,nan,nan,nan
phi6,preeq,64,1.0,0.02,300.0,500,0.02,1.0,1.0,0.008,3.0,0.3,0.06,39,0.14288753503622362,0.9897389314012417,0.49486946570062085,0.4897915761656359,0.001,20,0.275146484375,33.0,0.000244140625,1.0,0.4583333333333333,72.0,2.837826610531674,1.0,1.0,0.0,nan,nan,nan
phi6,preeq,64,1.0,0.02,300.0,500,0.02,1.0,1.0,0.008,3.0,0.3,0.06,40,0.14288753503622362,0.9897389314012417,0.49486946570062085,0.4897915761656359,0.001,20,0.27197265625,40.0,0.00048828125,1.0,0.4,100.0,3.526240916330023,1.0,1.0,0.0,109.3,110.8,155.52873030032708
phi6,preeq,64,1.0,0.02,300.0,500,0.02,1.0,1.0,0.008,3.0,0.3,0.06,41,0.14288753503622362,0.9897389314012417,0.49486946570062085,0.4897915761656359,0.001,20,0.28271484375,27.0,0.000244140625,1.0,0.375,72.0,2.944386209533598,1.0,1.0,0.0,nan,nan,nan
phi6,preeq,64,1.0,0.02,300.0,500,0.02,1.0,1.0,0.008,3.0,0.3,0.06,42,0.14288753503622362,0.9897389314012417,0.49486946570062085,0.4897915761656359,0.001,20,0.27978515625,33.0,0.000244140625,1.0,0.5238095238095238,63.0,2.9386128296728864,1.0,1.0,0.0,nan,nan,nan
phi6,preeq,64,1.0,0.02,300.0,500,0.02,1.0,1.0,0.008,3.0,0.3,0.06,43,0.14288753503622362,0.9897389314012417,0.49486946570062085,0.4897915761656359,0.001,20,0.287841796875,31.0,0.000244140625,1.0,0.4025974025974026,77.0,3.4928200473907522,1.0,1.0,0.0,nan,nan,nan
phi6,preeq,64,1.0,0.02,300.0,500,0.02,1.0,1.0,0.008,3.0,0.3,0.06,44,0.14288753503622362,0.9897389314012417,0.49486946570062085,0.4897915761656359,0.001,20,0.29345703125,64.0,0.0,0.0,0.21768707482993196,294.0,6.912045079967289,0.0,0.0,nan,146.9,152.0,194.72243116185362
phi6,preeq,64,1.0,0.02,300.0,500,0.02,1.0,1.0,0.008,3.0,0.3,0.06,45,0.14288753503622362,0.9897389314012417,0.49486946570062085,0.4897915761656359,0.001,20,0.279296875,36.0,0.0,0.0,0.375,96.0,4.026436558301235,0.0,0.0,nan,nan,nan,nan
phi6,preeq,64,1.0,0.02,300.0,500,0.02,1.0,1.0,0.008,3.0,0.3,0.06,46,0.14288753503622362,0.9897389314012417,0.49486946570062085,0.4897915761656359,0.001,20,0.28173828125,44.0,0.000244140625,1.0,0.36666666666666664,120.0,4.659811474212944,1.0,1.0,0.0,198.0,199.3,240.2909662333744
phi6,preeq,64,1.0,0.02,300.0,500,0.02,1.0,1.0,0.008,3.0,0.3,0.06,47,0.14288753503622362,0.9897389314012417,0.49486946570062085,0.4897915761656359,0.001,20,0.2822265625,46.0,0.000244140625,1.0,0.5227272727272727,88.0,3.4049335938940097,1.0,1.0,0.0,nan,nan,nan
phi6,preeq,64,1.0,0.02,300.0,500,0.02,1.0,1.0,0.008,3.0,0.3,0.06,48,0.14288753503622362,0.9897389314012417,0.49486946570062085,0.4897915761656359,0.001,20,0.280517578125,46.0,0.0,0.0,0.4107142857142857,112.0,4.145396243895581,0.0,0.0,nan,nan,nan,nan
phi6,preeq,64,1.0,0.02,300.0,500,0.02,1.0,1.0,0.008,3.0,0.3,0.06,49,0.14288753503622362,0.9897389314012417,0.49486946570062085,0.4897915761656359,0.001,20,0.2919921875,36.0,0.000244140625,1.0,0.36363636363636365,99.0,3.4725555395570913,1.0,1.0,0.0,285.40000000000003,290.2,nan
