label,config_id,restart_id,restart_seed,t_nuc_cluster,nucleated,p_seed,c_seed,seed_compactness,seed_rg,seed_perimeter,seed_perimeter_to_area,p_ordered_seed,c_ordered_seed,ordered_seed_compactness,ordered_seed_rg,ordered_seed_perimeter,ordered_seed_perimeter_to_area
1.05,0,0,1425291,,0,0.0576171875,7.0,0.5833333333333334,1.1065666703449764,14.0,2.0,0.0,0.0,0.0,,0.0,
1.05,0,1,1425328,,0,0.0576171875,7.0,0.5833333333333334,1.1065666703449764,14.0,2.0,0.0,0.0,0.0,,0.0,
1.05,0,2,1425365,,0,0.0576171875,7.0,0.5833333333333334,1.1065666703449764,14.0,2.0,0.0,0.0,0.0,,0.0,
1.05,0,3,1425402,,0,0.0576171875,7.0,0.5833333333333334,1.1065666703449764,14.0,2.0,0.0,0.0,0.0,,0.0,
1.05,0,4,1425439,184.8,1,0.0576171875,7.0,0.5833333333333334,1.1065666703449764,14.0,2.0,0.0,0.0,0.0,,0.0,
1.05,0,5,1425476,,0,0.0576171875,7.0,0.5833333333333334,1.1065666703449764,14.0,2.0,0.0,0.0,0.0,,0.0,
1.05,0,6,1425513,,0,0.0576171875,7.0,0.5833333333333334,1.1065666703449764,14.0,2.0,0.0,0.0,0.0,,0.0,
1.05,0,7,1425550,,0,0.0576171875,7.0,0.5833333333333334,1.1065666703449764,14.0,2.0,0.0,0.0,0.0,,0.0,
1.05,0,8,1425587,,0,0.0576171875,7.0,0.5833333333333334,1.1065666703449764,14.0,2.0,0.0,0.0,0.0,,0.0,
1.05,0,9,1425624,114.2,1,0.0576171875,7.0,0.5833333333333334,1.1065666703449764,14.0,2.0,0.0,0.0,0.0,,0.0,
1.05,0,10,1425661,267.6,1,0.0576171875,7.0,0.5833333333333334,1.1065666703449764,14.0,2.0,0.0,0.0,0.0,,0.0,
1.05,0,11,1425698,,0,0.0576171875,7.0,0.5833333333333334,1.1065666703449764,14.0,2.0,0.0,0.0,0.0,,0.0,
1.05,0,12,1425735,222.5,1,0.0576171875,7.0,0.5833333333333334,1.1065666703449764,14.0,2.0,0.0,0.0,0.0,,0.0,
1.05,0,13,1425772,,0,0.0576171875,7.0,0.5833333333333334,1.1065666703449764,14.0,2.0,0.0,0.0,0.0,,0.0,
1.05,0,14,1425809,265.4,1,0.0576171875,7.0,0.5833333333333334,1.1065666703449764,14.0,2.0,0.0,0.0,0.0,,0.0,
1.05,0,15,1425846,,0,0.0576171875,7.0,0.5833333333333334,1.1065666703449764,14.0,2.0,0.0,0.0,0.0,,0.0,
1.05,1,0,1426300,104.4,1,0.067138671875,8.0,0.6666666666666666,1.165922381636102,14.0,1.75,0.0,0.0,0.0,,0.0,
1.05,1,1,1426337,,0,0.067138671875,8.0,0.6666666666666666,1.165922381636102,14.0,1.75,0.0,0.0,0.0,,0.0,
1.05,1,2,1426374,182.4,1,0.067138671875,8.0,0.6666666666666666,1.165922381636102,14.0,1.75,0.0,0.0,0.0,,0.0,
1.05,1,3,1426411,146.6,1,0.067138671875,8.0,0.6666666666666666,1.165922381636102,14.0,1.75,0.0,0.0,0.0,,0.0,
1.05,1,4,1426448,263.4,1,0.067138671875,8.0,0.6666666666666666,1.165922381636102,14.0,1.75,0.0,0.0,0.0,,0.0,
1.05,1,5,1426485,,0,0.067138671875,8.0,0.6666666666666666,1.165922381636102,14.0,1.75,0.0,0.0,0.0,,0.0,
1.05,1,6,1426522,,0,0.067138671875,8.0,0.6666666666666666,1.165922381636102,14.0,1.75,0.0,0.0,0.0,,0.0,
1.05,1,7,1426559,141.1,1,0.067138671875,8.0,0.6666666666666666,1.165922381636102,14.0,1.75,0.0,0.0,0.0,,0.0,
1.05,1,8,1426596,,0,0.067138671875,8.0,0.6666666666666666,1.165922381636102,14.0,1.75,0.0,0.0,0.0,,0.0,
1.05,1,9,1426633,,0,0.067138671875,8.0,0.6666666666666666,1.165922381636102,14.0,1.75,0.0,0.0,0.0,,0.0,
1.05,1,10,1426670,226.8,1,0.067138671875,8.0,0.6666666666666666,1.165922381636102,14.0,1.75,0.0,0.0,0.0,,0.0,
1.05,1,11,1426707,,0,0.067138671875,8.0,0.6666666666666666,1.165922381636102,14.0,1.75,0.0,0.0,0.0,,0.0,
1.05,1,12,1426744,,0,0.067138671875,8.0,0.6666666666666666,1.165922381636102,14.0,1.75,0.0,0.0,0.0,,0.0,
1.05,1,13,1426781,,0,0.067138671875,8.0,0.6666666666666666,1.165922381636102,14.0,1.75,0.0,0.0,0.0,,0.0,
1.05,1,14,1426818,,0,0.067138671875,8.0,0.6666666666666666,1.165922381636102,14.0,1.75,0.0,0.0,0.0,,0.0,
1.05,1,15,1426855,,0,0.067138671875,8.0,0.6666666666666666,1.165922381636102,14.0,1.75,0.0,0.0,0.0,,0.0,
1.05,2,0,1427309,,0,0.067626953125,16.0,0.5,2.2690168575839182,30.0,1.875,0.0,0.0,0.0,,0.0,
1.05,2,1,1427346,,0,0.067626953125,16.0,0.5,2.2690168575839182,30.0,1.875,0.0,0.0,0.0,,0.0,
1.05,2,2,1427383,227.6,1,0.067626953125,16.0,0.5,2.2690168575839182,30.0,1.875,0.0,0.0,0.0,,0.0,
1.05,2,3,1427420,164.20000000000002,1,0.067626953125,16.0,0.5,2.2690168575839182,30.0,1.875,0.0,0.0,0.0,,0.0,
1.05,2,4,1427457,,0,0.067626953125,16.0,0.5,2.2690168575839182,30.0,1.875,0.0,0.0,0.0,,0.0,
1.05,2,5,1427494,196.8,1,0.067626953125,16.0,0.5,2.2690168575839182,30.0,1.875,0.0,0.0,0.0,,0.0,
1.05,2,6,1427531,,0,0.067626953125,16.0,0.5,2.2690168575839182,30.0,1.875,0.0,0.0,0.0,,0.0,
1.05,2,7,1427568,,0,0.067626953125,16.0,0.5,2.2690168575839182,30.0,1.875,0.0,0.0,0.0,,0.0,
1.05,2,8,1427605,,0,0.067626953125,16.0,0.5,2.2690168575839182,30.0,1.875,0.0,0.0,0.0,,0.0,
1.05,2,9,1427642,164.70000000000002,1,0.067626953125,16.0,0.5,2.2690168575839182,30.0,1.875,0.0,0.0,0.0,,0.0,
1.05,2,10,1427679,149.6,1,0.067626953125,16.0,0.5,2.2690168575839182,30.0,1.875,0.0,0.0,0.0,,0.0,
1.05,2,11,1427716,,0,0.067626953125,16.0,0.5,2.2690168575839182,30.0,1.875,0.0,0.0,0.0,,0.0,
1.05,2,12,1427753,,0,0.067626953125,16.0,0.5,2.2690168575839182,30.0,1.875,0.0,0.0,0.0,,0.0,
1.05,2,13,1427790,180.8,1,0.067626953125,16.0,0.5,2.2690168575839182,30.0,1.875,0.0,0.0,0.0,,0.0,
1.05,2,14,1427827,126.5,1,0.067626953125,16.0,0.5,2.2690168575839182,30.0,1.875,0.0,0.0,0.0,,0.0,
1.05,2,15,1427864,,0,0.067626953125,16.0,0.5,2.2690168575839182,30.0,1.875,0.0,0.0,0.0,,0.0,
1.05,3,0,1428318,,0,0.07275390625,6.0,0.6666666666666666,1.0671873729054748,12.0,2.0,0.0,0.0,0.0,,0.0,
1.05,3,1,1428355,,0,0.07275390625,6.0,0.6666666666666666,1.0671873729054748,12.0,2.0,0.0,0.0,0.0,,0.0,
1.05,3,2,1428392,,0,0.07275390625,6.0,0.6666666666666666,1.0671873729054748,12.0,2.0,0.0,0.0,0.0,,0.0,
1.05,3,3,1428429,197.4,1,0.07275390625,6.0,0.6666666666666666,1.0671873729054748,12.0,2.0,0.0,0.0,0.0,,0.0,
1.05,3,4,1428466,,0,0.07275390625,6.0,0.6666666666666666,1.0671873729054748,12.0,2.0,0.0,0.0,0.0,,0.0,
1.05,3,5,1428503,,0,0.07275390625,6.0,0.6666666666666666,1.0671873729054748,12.0,2.0,0.0,0.0,0.0,,0.0,
1.05,3,6,1428540,,0,0.07275390625,6.0,0.6666666666666666,1.0671873729054748,12.0,2.0,0.0,0.0,0.0,,0.0,
1.05,3,7,1428577,,0,0.07275390625,6.0,0.6666666666666666,1.0671873729054748,12.0,2.0,0.0,0.0,0.0,,0.0,
1.05,3,8,1428614,,0,0.07275390625,6.0,0.6666666666666666,1.0671873729054748,12.0,2.0,0.0,0.0,0.0,,0.0,
1.05,3,9,1428651,266.1,1,0.07275390625,6.0,0.6666666666666666,1.0671873729054748,12.0,2.0,0.0,0.0,0.0,,0.0,
1.05,3,10,1428688,,0,0.07275390625,6.0,0.6666666666666666,1.0671873729054748,12.0,2.0,0.0,0.0,0.0,,0.0,
1.05,3,11,1428725,,0,0.07275390625,6.0,0.6666666666666666,1.0671873729054748,12.0,2.0,0.0,0.0,0.0,,0.0,
1.05,3,12,1428762,,0,0.07275390625,6.0,0.6666666666666666,1.0671873729054748,12.0,2.0,0.0,0.0,0.0,,0.0,
1.05,3,13,1428799,,0,0.07275390625,6.0,0.6666666666666666,1.0671873729054748,12.0,2.0,0.0,0.0,0.0,,0.0,
1.05,3,14,1428836,249.6,1,0.07275390625,6.0,0.6666666666666666,1.0671873729054748,12.0,2.0,0.0,0.0,0.0,,0.0,
1.05,3,15,1428873,,0,0.07275390625,6.0,0.6666666666666666,1.0671873729054748,12.0,2.0,0.0,0.0,0.0,,0.0,
1.05,4,0,1429327,238.3,1,0.067626953125,9.0,0.75,1.227262335243029,14.0,1.5555555555555556,0.0,0.0,0.0,,0.0,
1.05,4,1,1429364,,0,0.067626953125,9.0,0.75,1.227262335243029,14.0,1.5555555555555556,0.0,0.0,0.0,,0.0,
1.05,4,2,1429401,,0,0.067626953125,9.0,0.75,1.227262335243029,14.0,1.5555555555555556,0.0,0.0,0.0,,0.0,
1.05,4,3,1429438,88.7,1,0.067626953125,9.0,0.75,1.227262335243029,14.0,1.5555555555555556,0.0,0.0,0.0,,0.0,
1.05,4,4,1429475,190.20000000000002,1,0.067626953125,9.0,0.75,1.227262335243029,14.0,1.5555555555555556,0.0,0.0,0.0,,0.0,
1.05,4,5,1429512,285.5,1,0.067626953125,9.0,0.75,1.227262335243029,14.0,1.5555555555555556,0.0,0.0,0.0,,0.0,
1.05,4,6,1429549,140.3,1,0.067626953125,9.0,0.75,1.227262335243029,14.0,1.5555555555555556,0.0,0.0,0.0,,0.0,
1.05,4,7,1429586,,0,0.067626953125,9.0,0.75,1.227262335243029,14.0,1.5555555555555556,0.0,0.0,0.0,,0.0,
1.05,4,8,1429623,,0,0.067626953125,9.0,0.75,1.227262335243029,14.0,1.5555555555555556,0.0,0.0,0.0,,0.0,
1.05,4,9,1429660,273.90000000000003,1,0.067626953125,9.0,0.75,1.227262335243029,14.0,1.5555555555555556,0.0,0.0,0.0,,0.0,
1.05,4,10,1429697,,0,0.067626953125,9.0,0.75,1.227262335243029,14.0,1.5555555555555556,0.0,0.0,0.0,,0.0,
1.05,4,11,1429734,188.3,1,0.067626953125,9.0,0.75,1.227262335243029,14.0,1.5555555555555556,0.0,0.0,0.0,,0.0,
1.05,4,12,1429771,,0,0.067626953125,9.0,0.75,1.227262335243029,14.0,1.5555555555555556,0.0,0.0,0.0,,0.0,
1.05,4,13,1429808,,0,0.067626953125,9.0,0.75,1.227262335243029,14.0,1.5555555555555556,0.0,0.0,0.0,,0.0,
1.05,4,14,1429845,,0,0.067626953125,9.0,0.75,1.227262335243029,14.0,1.5555555555555556,0.0,0.0,0.0,,0.0,
1.05,4,15,1429882,,0,0.067626953125,9.0,0.75,1.227262335243029,14.0,1.5555555555555556,0.0,0.0,0.0,,0.0,
1.05,5,0,1430336,,0,0.072998046875,9.0,0.5625,1.3240416986458872,16.0,1.7777777777777777,0.0,0.0,0.0,,0.0,
1.05,5,1,1430373,,0,0.072998046875,9.0,0.5625,1.3240416986458872,16.0,1.7777777777777777,0.0,0.0,0.0,,0.0,
1.05,5,2,1430410,154.8,1,0.072998046875,9.0,0.5625,1.3240416986458872,16.0,1.7777777777777777,0.0,0.0,0.0,,0.0,
1.05,5,3,1430447,,0,0.072998046875,9.0,0.5625,1.3240416986458872,16.0,1.7777777777777777,0.0,0.0,0.0,,0.0,
1.05,5,4,1430484,,0,0.072998046875,9.0,0.5625,1.3240416986458872,16.0,1.7777777777777777,0.0,0.0,0.0,,0.0,
1.05,5,5,1430521,270.3,1,0.072998046875,9.0,0.5625,1.3240416986458872,16.0,1.7777777777777777,0.0,0.0,0.0,,0.0,
1.05,5,6,1430558,282.1,1,0.072998046875,9.0,0.5625,1.3240416986458872,16.0,1.7777777777777777,0.0,0.0,0.0,,0.0,
1.05,5,7,1430595,,0,0.072998046875,9.0,0.5625,1.3240416986458872,16.0,1.7777777777777777,0.0,0.0,0.0,,0.0,
1.05,5,8,1430632,,0,0.072998046875,9.0,0.5625,1.3240416986458872,16.0,1.7777777777777777,0.0,0.0,0.0,,0.0,
1.05,5,9,1430669,,0,0.072998046875,9.0,0.5625,1.3240416986458872,16.0,1.7777777777777777,0.0,0.0,0.0,,0.0,
1.05,5,10,1430706,,0,0.072998046875,9.0,0.5625,1.3240416986458872,16.0,1.7777777777777777,0.0,0.0,0.0,,0.0,
1.05,5,11,1430743,,0,0.072998046875,9.0,0.5625,1.3240416986458872,16.0,1.7777777777777777,0.0,0.0,0.0,,0.0,
1.05,5,12,1430780,,0,0.072998046875,9.0,0.5625,1.3240416986458872,16.0,1.7777777777777777,0.0,0.0,0.0,,0.0,
1.05,5,13,1430817,229.9,1,0.072998046875,9.0,0.5625,1.3240416986458872,16.0,1.7777777777777777,0.0,0.0,0.0,,0.0,
1.05,5,14,1430854,263.6,1,0.072998046875,9.0,0.5625,1.3240416986458872,16.0,1.7777777777777777,0.0,0.0,0.0,,0.0,
1.05,5,15,1430891,,0,0.072998046875,9.0,0.5625,1.3240416986458872,16.0,1.7777777777777777,0.0,0.0,0.0,,0.0,
1.05,6,0,1431345,,0,0.072265625,14.0,0.7777777777777778,1.8140607284571848,20.0,1.4285714285714286,0.0,0.0,0.0,,0.0,
1.05,6,1,1431382,,0,0.072265625,14.0,0.7777777777777778,1.8140607284571848,20.0,1.4285714285714286,0.0,0.0,0.0,,0.0,
1.05,6,2,1431419,,0,0.072265625,14.0,0.7777777777777778,1.8140607284571848,20.0,1.4285714285714286,0.0,0.0,0.0,,0.0,
1.05,6,3,1431456,,0,0.072265625,14.0,0.7777777777777778,1.8140607284571848,20.0,1.4285714285714286,0.0,0.0,0.0,,0.0,
1.05,6,4,1431493,,0,0.072265625,14.0,0.7777777777777778,1.8140607284571848,20.0,1.4285714285714286,0.0,0.0,0.0,,0.0,
1.05,6,5,1431530,,0,0.072265625,14.0,0.7777777777777778,1.8140607284571848,20.0,1.4285714285714286,0.0,0.0,0.0,,0.0,
1.05,6,6,1431567,,0,0.072265625,14.0,0.7777777777777778,1.8140607284571848,20.0,1.4285714285714286,0.0,0.0,0.0,,0.0,
1.05,6,7,1431604,178.3,1,0.072265625,14.0,0.7777777777777778,1.8140607284571848,20.0,1.4285714285714286,0.0,0.0,0.0,,0.0,
1.05,6,8,1431641,,0,0.072265625,14.0,0.7777777777777778,1.8140607284571848,20.0,1.4285714285714286,0.0,0.0,0.0,,0.0,
1.05,6,9,1431678,,0,0.072265625,14.0,0.7777777777777778,1.8140607284571848,20.0,1.4285714285714286,0.0,0.0,0.0,,0.0,
1.05,6,10,1431715,,0,0.072265625,14.0,0.7777777777777778,1.8140607284571848,20.0,1.4285714285714286,0.0,0.0,0.0,,0.0,
1.05,6,11,1431752,,0,0.072265625,14.0,0.7777777777777778,1.8140607284571848,20.0,1.4285714285714286,0.0,0.0,0.0,,0.0,
1.05,6,12,1431789,243.4,1,0.072265625,14.0,0.7777777777777778,1.8140607284571848,20.0,1.4285714285714286,0.0,0.0,0.0,,0.0,
1.05,6,13,1431826,,0,0.072265625,14.0,0.7777777777777778,1.8140607284571848,20.0,1.4285714285714286,0.0,0.0,0.0,,0.0,
1.05,6,14,1431863,,0,0.072265625,14.0,0.7777777777777778,1.8140607284571848,20.0,1.4285714285714286,0.0,0.0,0.0,,0.0,
1.05,6,15,1431900,109.5,1,0.072265625,14.0,0.7777777777777778,1.8140607284571848,20.0,1.4285714285714286,0.0,0.0,0.0,,0.0,
1.05,7,0,1432354,,0,0.063720703125,7.0,0.7,1.6659862556700857,16.0,2.2857142857142856,0.0,0.0,0.0,,0.0,
1.05,7,1,1432391,,0,0.063720703125,7.0,0.7,1.6659862556700857,16.0,2.2857142857142856,0.0,0.0,0.0,,0.0,
1.05,7,2,1432428,,0,0.063720703125,7.0,0.7,1.6659862556700857,16.0,2.2857142857142856,0.0,0.0,0.0,,0.0,
1.05,7,3,1432465,,0,0.063720703125,7.0,0.7,1.6659862556700857,16.0,2.2857142857142856,0.0,0.0,0.0,,0.0,
1.05,7,4,1432502,,0,0.063720703125,7.0,0.7,1.6659862556700857,16.0,2.2857142857142856,0.0,0.0,0.0,,0.0,
1.05,7,5,1432539,,0,0.063720703125,7.0,0.7,1.6659862556700857,16.0,2.2857142857142856,0.0,0.0,0.0,,0.0,
1.05,7,6,1432576,,0,0.063720703125,7.0,0.7,1.6659862556700857,16.0,2.2857142857142856,0.0,0.0,0.0,,0.0,
1.05,7,7,1432613,,0,0.063720703125,7.0,0.7,1.6659862556700857,16.0,2.2857142857142856,0.0,0.0,0.0,,0.0,
1.05,7,8,1432650,292.8,1,0.063720703125,7.0,0.7,1.6659862556700857,16.0,2.2857142857142856,0.0,0.0,0.0,,0.0,
1.05,7,9,1432687,,0,0.063720703125,7.0,0.7,1.6659862556700857,16.0,2.2857142857142856,0.0,0.0,0.0,,0.0,
1.05,7,10,1432724,,0,0.063720703125,7.0,0.7,1.6659862556700857,16.0,2.2857142857142856,0.0,0.0,0.0,,0.0,
1.05,7,11,1432761,,0,0.063720703125,7.0,0.7,1.6659862556700857,16.0,2.2857142857142856,0.0,0.0,0.0,,0.0,
1.05,7,12,1432798,,0,0.063720703125,7.0,0.7,1.6659862556700857,16.0,2.2857142857142856,0.0,0.0,0.0,,0.0,
1.05,7,13,1432835,,0,0.063720703125,7.0,0.7,1.6659862556700857,16.0,2.2857142857142856,0.0,0.0,0.0,,0.0,
1.05,7,14,1432872,204.20000000000002,1,0.063720703125,7.0,0.7,1.6659862556700857,16.0,2.2857142857142856,0.0,0.0,0.0,,0.0,
1.05,7,15,1432909,,0,0.063720703125,7.0,0.7,1.6659862556700857,16.0,2.2857142857142856,0.0,0.0,0.0,,0.0,
1.1,0,0,2425294,,0,0.07421875,10.0,0.625,1.4212670403551897,18.0,1.8,0.0,0.0,0.0,,0.0,
1.1,0,1,2425331,,0,0.07421875,10.0,0.625,1.4212670403551897,18.0,1.8,0.0,0.0,0.0,,0.0,
1.1,0,2,2425368,219.70000000000002,1,0.07421875,10.0,0.625,1.4212670403551897,18.0,1.8,0.0,0.0,0.0,,0.0,
1.1,0,3,2425405,,0,0.07421875,10.0,0.625,1.4212670403551897,18.0,1.8,0.0,0.0,0.0,,0.0,
1.1,0,4,2425442,,0,0.07421875,10.0,0.625,1.4212670403551897,18.0,1.8,0.0,0.0,0.0,,0.0,
1.1,0,5,2425479,,0,0.07421875,10.0,0.625,1.4212670403551897,18.0,1.8,0.0,0.0,0.0,,0.0,
1.1,0,6,2425516,217.70000000000002,1,0.07421875,10.0,0.625,1.4212670403551897,18.0,1.8,0.0,0.0,0.0,,0.0,
1.1,0,7,2425553,,0,0.07421875,10.0,0.625,1.4212670403551897,18.0,1.8,0.0,0.0,0.0,,0.0,
1.1,0,8,2425590,172.9,1,0.07421875,10.0,0.625,1.4212670403551897,18.0,1.8,0.0,0.0,0.0,,0.0,
1.1,0,9,2425627,98.4,1,0.07421875,10.0,0.625,1.4212670403551897,18.0,1.8,0.0,0.0,0.0,,0.0,
1.1,0,10,2425664,,0,0.07421875,10.0,0.625,1.4212670403551897,18.0,1.8,0.0,0.0,0.0,,0.0,
1.1,0,11,2425701,,0,0.07421875,10.0,0.625,1.4212670403551897,18.0,1.8,0.0,0.0,0.0,,0.0,
1.1,0,12,2425738,285.7,1,0.07421875,10.0,0.625,1.4212670403551897,18.0,1.8,0.0,0.0,0.0,,0.0,
1.1,0,13,2425775,,0,0.07421875,10.0,0.625,1.4212670403551897,18.0,1.8,0.0,0.0,0.0,,0.0,
1.1,0,14,2425812,,0,0.07421875,10.0,0.625,1.4212670403551897,18.0,1.8,0.0,0.0,0.0,,0.0,
1.1,0,15,2425849,174.3,1,0.07421875,10.0,0.625,1.4212670403551897,18.0,1.8,0.0,0.0,0.0,,0.0,
1.1,1,0,2426303,182.4,1,0.0771484375,25.0,0.46296296296296297,2.7770487932335652,32.0,1.28,0.0,0.0,0.0,,0.0,
1.1,1,1,2426340,,0,0.0771484375,25.0,0.46296296296296297,2.7770487932335652,32.0,1.28,0.0,0.0,0.0,,0.0,
1.1,1,2,2426377,165.9,1,0.0771484375,25.0,0.46296296296296297,2.7770487932335652,32.0,1.28,0.0,0.0,0.0,,0.0,
1.1,1,3,2426414,,0,0.0771484375,25.0,0.46296296296296297,2.7770487932335652,32.0,1.28,0.0,0.0,0.0,,0.0,
1.1,1,4,2426451,274.7,1,0.0771484375,25.0,0.46296296296296297,2.7770487932335652,32.0,1.28,0.0,0.0,0.0,,0.0,
1.1,1,5,2426488,,0,0.0771484375,25.0,0.46296296296296297,2.7770487932335652,32.0,1.28,0.0,0.0,0.0,,0.0,
1.1,1,6,2426525,,0,0.0771484375,25.0,0.46296296296296297,2.7770487932335652,32.0,1.28,0.0,0.0,0.0,,0.0,
1.1,1,7,2426562,,0,0.0771484375,25.0,0.46296296296296297,2.7770487932335652,32.0,1.28,0.0,0.0,0.0,,0.0,
1.1,1,8,2426599,,0,0.0771484375,25.0,0.46296296296296297,2.7770487932335652,32.0,1.28,0.0,0.0,0.0,,0.0,
1.1,1,9,2426636,,0,0.0771484375,25.0,0.46296296296296297,2.7770487932335652,32.0,1.28,0.0,0.0,0.0,,0.0,
1.1,1,10,2426673,,0,0.0771484375,25.0,0.46296296296296297,2.7770487932335652,32.0,1.28,0.0,0.0,0.0,,0.0,
1.1,1,11,2426710,,0,0.0771484375,25.0,0.46296296296296297,2.7770487932335652,32.0,1.28,0.0,0.0,0.0,,0.0,
1.1,1,12,2426747,,0,0.0771484375,25.0,0.46296296296296297,2.7770487932335652,32.0,1.28,0.0,0.0,0.0,,0.0,
1.1,1,13,2426784,,0,0.0771484375,25.0,0.46296296296296297,2.7770487932335652,32.0,1.28,0.0,0.0,0.0,,0.0,
1.1,1,14,2426821,291.2,1,0.0771484375,25.0,0.46296296296296297,2.7770487932335652,32.0,1.28,0.0,0.0,0.0,,0.0,
1.1,1,15,2426858,,0,0.0771484375,25.0,0.46296296296296297,2.7770487932335652,32.0,1.28,0.0,0.0,0.0,,0.0,
1.1,2,0,2427312,221.5,1,0.092041015625,16.0,0.45714285714285713,2.1560235388325424,26.0,1.625,0.0,0.0,0.0,,0.0,
1.1,2,1,2427349,268.7,1,0.092041015625,16.0,0.45714285714285713,2.1560235388325424,26.0,1.625,0.0,0.0,0.0,,0.0,
1.1,2,2,2427386,110.3,1,0.092041015625,16.0,0.45714285714285713,2.1560235388325424,26.0,1.625,0.0,0.0,0.0,,0.0,
1.1,2,3,2427423,,0,0.092041015625,16.0,0.45714285714285713,2.1560235388325424,26.0,1.625,0.0,0.0,0.0,,0.0,
1.1,2,4,2427460,,0,0.092041015625,16.0,0.45714285714285713,2.1560235388325424,26.0,1.625,0.0,0.0,0.0,,0.0,
1.1,2,5,2427497,164.5,1,0.092041015625,16.0,0.45714285714285713,2.1560235388325424,26.0,1.625,0.0,0.0,0.0,,0.0,
1.1,2,6,2427534,,0,0.092041015625,16.0,0.45714285714285713,2.1560235388325424,26.0,1.625,0.0,0.0,0.0,,0.0,
1.1,2,7,2427571,,0,0.092041015625,16.0,0.45714285714285713,2.1560235388325424,26.0,1.625,0.0,0.0,0.0,,0.0,
1.1,2,8,2427608,137.0,1,0.092041015625,16.0,0.45714285714285713,2.1560235388325424,26.0,1.625,0.0,0.0,0.0,,0.0,
1.1,2,9,2427645,,0,0.092041015625,16.0,0.45714285714285713,2.1560235388325424,26.0,1.625,0.0,0.0,0.0,,0.0,
1.1,2,10,2427682,,0,0.092041015625,16.0,0.45714285714285713,2.1560235388325424,26.0,1.625,0.0,0.0,0.0,,0.0,
1.1,2,11,2427719,,0,0.092041015625,16.0,0.45714285714285713,2.1560235388325424,26.0,1.625,0.0,0.0,0.0,,0.0,
1.1,2,12,2427756,,0,0.092041015625,16.0,0.45714285714285713,2.1560235388325424,26.0,1.625,0.0,0.0,0.0,,0.0,
1.1,2,13,2427793,,0,0.092041015625,16.0,0.45714285714285713,2.1560235388325424,26.0,1.625,0.0,0.0,0.0,,0.0,
1.1,2,14,2427830,122.10000000000001,1,0.092041015625,16.0,0.45714285714285713,2.1560235388325424,26.0,1.625,0.0,0.0,0.0,,0.0,
1.1,2,15,2427867,,0,0.092041015625,16.0,0.45714285714285713,2.1560235388325424,26.0,1.625,0.0,0.0,0.0,,0.0,
1.1,3,0,2428321,251.3,1,0.06640625,8.0,0.6666666666666666,1.7275343701356567,18.0,2.25,0.0,0.0,0.0,,0.0,
1.1,3,1,2428358,,0,0.06640625,8.0,0.6666666666666666,1.7275343701356567,18.0,2.25,0.0,0.0,0.0,,0.0,
1.1,3,2,2428395,,0,0.06640625,8.0,0.6666666666666666,1.7275343701356567,18.0,2.25,0.0,0.0,0.0,,0.0,
1.1,3,3,2428432,,0,0.06640625,8.0,0.6666666666666666,1.7275343701356567,18.0,2.25,0.0,0.0,0.0,,0.0,
1.1,3,4,2428469,157.70000000000002,1,0.06640625,8.0,0.6666666666666666,1.7275343701356567,18.0,2.25,0.0,0.0,0.0,,0.0,
1.1,3,5,2428506,,0,0.06640625,8.0,0.6666666666666666,1.7275343701356567,18.0,2.25,0.0,0.0,0.0,,0.0,
1.1,3,6,2428543,,0,0.06640625,8.0,0.6666666666666666,1.7275343701356567,18.0,2.25,0.0,0.0,0.0,,0.0,
1.1,3,7,2428580,,0,0.06640625,8.0,0.6666666666666666,1.7275343701356567,18.0,2.25,0.0,0.0,0.0,,0.0,
1.1,3,8,2428617,,0,0.06640625,8.0,0.6666666666666666,1.7275343701356567,18.0,2.25,0.0,0.0,0.0,,0.0,
1.1,3,9,2428654,,0,0.06640625,8.0,0.6666666666666666,1.7275343701356567,18.0,2.25,0.0,0.0,0.0,,0.0,
1.1,3,10,2428691,225.5,1,0.06640625,8.0,0.6666666666666666,1.7275343701356567,18.0,2.25,0.0,0.0,0.0,,0.0,
1.1,3,11,2428728,,0,0.06640625,8.0,0.6666666666666666,1.7275343701356567,18.0,2.25,0.0,0.0,0.0,,0.0,
1.1,3,12,2428765,,0,0.06640625,8.0,0.6666666666666666,1.7275343701356567,18.0,2.25,0.0,0.0,0.0,,0.0,
1.1,3,13,2428802,,0,0.06640625,8.0,0.6666666666666666,1.7275343701356567,18.0,2.25,0.0,0.0,0.0,,0.0,
1.1,3,14,2428839,,0,0.06640625,8.0,0.6666666666666666,1.7275343701356567,18.0,2.25,0.0,0.0,0.0,,0.0,
1.1,3,15,2428876,,0,0.06640625,8.0,0.6666666666666666,1.7275343701356567,18.0,2.25,0.0,0.0,0.0,,0.0,
1.1,4,0,2429330,150.70000000000002,1,0.077392578125,8.0,0.6666666666666666,1.299038105676658,14.0,1.75,0.0,0.0,0.0,,0.0,
1.1,4,1,2429367,,0,0.077392578125,8.0,0.6666666666666666,1.299038105676658,14.0,1.75,0.0,0.0,0.0,,0.0,
1.1,4,2,2429404,,0,0.077392578125,8.0,0.6666666666666666,1.299038105676658,14.0,1.75,0.0,0.0,0.0,,0.0,
1.1,4,3,2429441,,0,0.077392578125,8.0,0.6666666666666666,1.299038105676658,14.0,1.75,0.0,0.0,0.0,,0.0,
1.1,4,4,2429478,266.4,1,0.077392578125,8.0,0.6666666666666666,1.299038105676658,14.0,1.75,0.0,0.0,0.0,,0.0,
1.1,4,5,2429515,,0,0.077392578125,8.0,0.6666666666666666,1.299038105676658,14.0,1.75,0.0,0.0,0.0,,0.0,
1.1,4,6,2429552,130.7,1,0.077392578125,8.0,0.6666666666666666,1.299038105676658,14.0,1.75,0.0,0.0,0.0,,0.0,
1.1,4,7,2429589,226.8,1,0.077392578125,8.0,0.6666666666666666,1.299038105676658,14.0,1.75,0.0,0.0,0.0,,0.0,
1.1,4,8,2429626,,0,0.077392578125,8.0,0.6666666666666666,1.299038105676658,14.0,1.75,0.0,0.0,0.0,,0.0,
1.1,4,9,2429663,,0,0.077392578125,8.0,0.6666666666666666,1.299038105676658,14.0,1.75,0.0,0.0,0.0,,0.0,
1.1,4,10,2429700,253.3,1,0.077392578125,8.0,0.6666666666666666,1.299038105676658,14.0,1.75,0.0,0.0,0.0,,0.0,
1.1,4,11,2429737,182.3,1,0.077392578125,8.0,0.6666666666666666,1.299038105676658,14.0,1.75,0.0,0.0,0.0,,0.0,
1.1,4,12,2429774,,0,0.077392578125,8.0,0.6666666666666666,1.299038105676658,14.0,1.75,0.0,0.0,0.0,,0.0,
1.1,4,13,2429811,,0,0.077392578125,8.0,0.6666666666666666,1.299038105676658,14.0,1.75,0.0,0.0,0.0,,0.0,
1.1,4,14,2429848,,0,0.077392578125,8.0,0.6666666666666666,1.299038105676658,14.0,1.75,0.0,0.0,0.0,,0.0,
1.1,4,15,2429885,172.9,1,0.077392578125,8.0,0.6666666666666666,1.299038105676658,14.0,1.75,0.0,0.0,0.0,,0.0,
1.1,5,0,2430339,155.4,1,0.079345703125,11.0,0.6111111111111112,1.7486712783337586,22.0,2.0,0.0,0.0,0.0,,0.0,
1.1,5,1,2430376,,0,0.079345703125,11.0,0.6111111111111112,1.7486712783337586,22.0,2.0,0.0,0.0,0.0,,0.0,
1.1,5,2,2430413,,0,0.079345703125,11.0,0.6111111111111112,1.7486712783337586,22.0,2.0,0.0,0.0,0.0,,0.0,
1.1,5,3,2430450,,0,0.079345703125,11.0,0.6111111111111112,1.7486712783337586,22.0,2.0,0.0,0.0,0.0,,0.0,
1.1,5,4,2430487,,0,0.079345703125,11.0,0.6111111111111112,1.7486712783337586,22.0,2.0,0.0,0.0,0.0,,0.0,
1.1,5,5,2430524,,0,0.079345703125,11.0,0.6111111111111112,1.7486712783337586,22.0,2.0,0.0,0.0,0.0,,0.0,
1.1,5,6,2430561,211.20000000000002,1,0.079345703125,11.0,0.6111111111111112,1.7486712783337586,22.0,2.0,0.0,0.0,0.0,,0.0,
1.1,5,7,2430598,,0,0.079345703125,11.0,0.6111111111111112,1.7486712783337586,22.0,2.0,0.0,0.0,0.0,,0.0,
1.1,5,8,2430635,,0,0.079345703125,11.0,0.6111111111111112,1.7486712783337586,22.0,2.0,0.0,0.0,0.0,,0.0,
1.1,5,9,2430672,,0,0.079345703125,11.0,0.6111111111111112,1.7486712783337586,22.0,2.0,0.0,0.0,0.0,,0.0,
1.1,5,10,2430709,,0,0.079345703125,11.0,0.6111111111111112,1.7486712783337586,22.0,2.0,0.0,0.0,0.0,,0.0,
1.1,5,11,2430746,,0,0.079345703125,11.0,0.6111111111111112,1.7486712783337586,22.0,2.0,0.0,0.0,0.0,,0.0,
1.1,5,12,2430783,,0,0.079345703125,11.0,0.6111111111111112,1.7486712783337586,22.0,2.0,0.0,0.0,0.0,,0.0,
1.1,5,13,2430820,67.0,1,0.079345703125,11.0,0.6111111111111112,1.7486712783337586,22.0,2.0,0.0,0.0,0.0,,0.0,
1.1,5,14,2430857,,0,0.079345703125,11.0,0.6111111111111112,1.7486712783337586,22.0,2.0,0.0,0.0,0.0,,0.0,
1.1,5,15,2430894,241.8,1,0.079345703125,11.0,0.6111111111111112,1.7486712783337586,22.0,2.0,0.0,0.0,0.0,,0.0,
1.1,6,0,2431348,,0,0.08056640625,11.0,0.55,1.4993111365882401,18.0,1.6363636363636365,0.0,0.0,0.0,,0.0,
1.1,6,1,2431385,141.6,1,0.08056640625,11.0,0.55,1.4993111365882401,18.0,1.6363636363636365,0.0,0.0,0.0,,0.0,
1.1,6,2,2431422,,0,0.08056640625,11.0,0.55,1.4993111365882401,18.0,1.6363636363636365,0.0,0.0,0.0,,0.0,
1.1,6,3,2431459,,0,0.08056640625,11.0,0.55,1.4993111365882401,18.0,1.6363636363636365,0.0,0.0,0.0,,0.0,
1.1,6,4,2431496,273.3,1,0.08056640625,11.0,0.55,1.4993111365882401,18.0,1.6363636363636365,0.0,0.0,0.0,,0.0,
1.1,6,5,2431533,196.20000000000002,1,0.08056640625,11.0,0.55,1.4993111365882401,18.0,1.6363636363636365,0.0,0.0,0.0,,0.0,
1.1,6,6,2431570,191.20000000000002,1,0.08056640625,11.0,0.55,1.4993111365882401,18.0,1.6363636363636365,0.0,0.0,0.0,,0.0,
1.1,6,7,2431607,240.8,1,0.08056640625,11.0,0.55,1.4993111365882401,18.0,1.6363636363636365,0.0,0.0,0.0,,0.0,
1.1,6,8,2431644,,0,0.08056640625,11.0,0.55,1.4993111365882401,18.0,1.6363636363636365,0.0,0.0,0.0,,0.0,
1.1,6,9,2431681,,0,0.08056640625,11.0,0.55,1.4993111365882401,18.0,1.6363636363636365,0.0,0.0,0.0,,0.0,
1.1,6,10,2431718,,0,0.08056640625,11.0,0.55,1.4993111365882401,18.0,1.6363636363636365,0.0,0.0,0.0,,0.0,
1.1,6,11,2431755,,0,0.08056640625,11.0,0.55,1.4993111365882401,18.0,1.6363636363636365,0.0,0.0,0.0,,0.0,
1.1,6,12,2431792,,0,0.08056640625,11.0,0.55,1.4993111365882401,18.0,1.6363636363636365,0.0,0.0,0.0,,0.0,
1.1,6,13,2431829,214.5,1,0.08056640625,11.0,0.55,1.4993111365882401,18.0,1.6363636363636365,0.0,0.0,0.0,,0.0,
1.1,6,14,2431866,,0,0.08056640625,11.0,0.55,1.4993111365882401,18.0,1.6363636363636365,0.0,0.0,0.0,,0.0,
1.1,6,15,2431903,141.8,1,0.08056640625,11.0,0.55,1.4993111365882401,18.0,1.6363636363636365,0.0,0.0,0.0,,0.0,
1.1,7,0,2432357,,0,0.075927734375,10.0,0.625,1.374772708486752,16.0,1.6,0.0,0.0,0.0,,0.0,
1.1,7,1,2432394,96.3,1,0.075927734375,10.0,0.625,1.374772708486752,16.0,1.6,0.0,0.0,0.0,,0.0,
1.1,7,2,2432431,,0,0.075927734375,10.0,0.625,1.374772708486752,16.0,1.6,0.0,0.0,0.0,,0.0,
1.1,7,3,2432468,,0,0.075927734375,10.0,0.625,1.374772708486752,16.0,1.6,0.0,0.0,0.0,,0.0,
1.1,7,4,2432505,,0,0.075927734375,10.0,0.625,1.374772708486752,16.0,1.6,0.0,0.0,0.0,,0.0,
1.1,7,5,2432542,206.8,1,0.075927734375,10.0,0.625,1.374772708486752,16.0,1.6,0.0,0.0,0.0,,0.0,
1.1,7,6,2432579,178.8,1,0.075927734375,10.0,0.625,1.374772708486752,16.0,1.6,0.0,0.0,0.0,,0.0,
1.1,7,7,2432616,,0,0.075927734375,10.0,0.625,1.374772708486752,16.0,1.6,0.0,0.0,0.0,,0.0,
1.1,7,8,2432653,,0,0.075927734375,10.0,0.625,1.374772708486752,16.0,1.6,0.0,0.0,0.0,,0.0,
1.1,7,9,2432690,,0,0.075927734375,10.0,0.625,1.374772708486752,16.0,1.6,0.0,0.0,0.0,,0.0,
1.1,7,10,2432727,143.1,1,0.075927734375,10.0,0.625,1.374772708486752,16.0,1.6,0.0,0.0,0.0,,0.0,
1.1,7,11,2432764,,0,0.075927734375,10.0,0.625,1.374772708486752,16.0,1.6,0.0,0.0,0.0,,0.0,
1.1,7,12,2432801,255.0,1,0.075927734375,10.0,0.625,1.374772708486752,16.0,1.6,0.0,0.0,0.0,,0.0,
1.1,7,13,2432838,,0,0.075927734375,10.0,0.625,1.374772708486752,16.0,1.6,0.0,0.0,0.0,,0.0,
1.1,7,14,2432875,177.1,1,0.075927734375,10.0,0.625,1.374772708486752,16.0,1.6,0.0,0.0,0.0,,0.0,
1.1,7,15,2432912,,0,0.075927734375,10.0,0.625,1.374772708486752,16.0,1.6,0.0,0.0,0.0,,0.0,
1.2,0,0,3425297,,0,0.096435546875,11.0,0.7333333333333333,1.378704626191191,16.0,1.4545454545454546,0.0,0.0,0.0,,0.0,
1.2,0,1,3425334,142.3,1,0.096435546875,11.0,0.7333333333333333,1.378704626191191,16.0,1.4545454545454546,0.0,0.0,0.0,,0.0,
1.2,0,2,3425371,234.6,1,0.096435546875,11.0,0.7333333333333333,1.378704626191191,16.0,1.4545454545454546,0.0,0.0,0.0,,0.0,
1.2,0,3,3425408,139.6,1,0.096435546875,11.0,0.7333333333333333,1.378704626191191,16.0,1.4545454545454546,0.0,0.0,0.0,,0.0,
1.2,0,4,3425445,227.3,1,0.096435546875,11.0,0.7333333333333333,1.378704626191191,16.0,1.4545454545454546,0.0,0.0,0.0,,0.0,
1.2,0,5,3425482,,0,0.096435546875,11.0,0.7333333333333333,1.378704626191191,16.0,1.4545454545454546,0.0,0.0,0.0,,0.0,
1.2,0,6,3425519,220.0,1,0.096435546875,11.0,0.7333333333333333,1.378704626191191,16.0,1.4545454545454546,0.0,0.0,0.0,,0.0,
1.2,0,7,3425556,,0,0.096435546875,11.0,0.7333333333333333,1.378704626191191,16.0,1.4545454545454546,0.0,0.0,0.0,,0.0,
1.2,0,8,3425593,,0,0.096435546875,11.0,0.7333333333333333,1.378704626191191,16.0,1.4545454545454546,0.0,0.0,0.0,,0.0,
1.2,0,9,3425630,,0,0.096435546875,11.0,0.7333333333333333,1.378704626191191,16.0,1.4545454545454546,0.0,0.0,0.0,,0.0,
1.2,0,10,3425667,,0,0.096435546875,11.0,0.7333333333333333,1.378704626191191,16.0,1.4545454545454546,0.0,0.0,0.0,,0.0,
1.2,0,11,3425704,251.4,1,0.096435546875,11.0,0.7333333333333333,1.378704626191191,16.0,1.4545454545454546,0.0,0.0,0.0,,0.0,
1.2,0,12,3425741,,0,0.096435546875,11.0,0.7333333333333333,1.378704626191191,16.0,1.4545454545454546,0.0,0.0,0.0,,0.0,
1.2,0,13,3425778,,0,0.096435546875,11.0,0.7333333333333333,1.378704626191191,16.0,1.4545454545454546,0.0,0.0,0.0,,0.0,
1.2,0,14,3425815,163.8,1,0.096435546875,11.0,0.7333333333333333,1.378704626191191,16.0,1.4545454545454546,0.0,0.0,0.0,,0.0,
1.2,0,15,3425852,,0,0.096435546875,11.0,0.7333333333333333,1.378704626191191,16.0,1.4545454545454546,0.0,0.0,0.0,,0.0,
1.2,1,0,3426306,,0,0.08984375,12.0,0.8,1.467234738471584,16.0,1.3333333333333333,0.0,0.0,0.0,,0.0,
1.2,1,1,3426343,,0,0.08984375,12.0,0.8,1.467234738471584,16.0,1.3333333333333333,0.0,0.0,0.0,,0.0,
1.2,1,2,3426380,,0,0.08984375,12.0,0.8,1.467234738471584,16.0,1.3333333333333333,0.0,0.0,0.0,,0.0,
1.2,1,3,3426417,,0,0.08984375,12.0,0.8,1.467234738471584,16.0,1.3333333333333333,0.0,0.0,0.0,,0.0,
1.2,1,4,3426454,,0,0.08984375,12.0,0.8,1.467234738471584,16.0,1.3333333333333333,0.0,0.0,0.0,,0.0,
1.2,1,5,3426491,,0,0.08984375,12.0,0.8,1.467234738471584,16.0,1.3333333333333333,0.0,0.0,0.0,,0.0,
1.2,1,6,3426528,,0,0.08984375,12.0,0.8,1.467234738471584,16.0,1.3333333333333333,0.0,0.0,0.0,,0.0,
1.2,1,7,3426565,,0,0.08984375,12.0,0.8,1.467234738471584,16.0,1.3333333333333333,0.0,0.0,0.0,,0.0,
1.2,1,8,3426602,,0,0.08984375,12.0,0.8,1.467234738471584,16.0,1.3333333333333333,0.0,0.0,0.0,,0.0,
1.2,1,9,3426639,293.7,1,0.08984375,12.0,0.8,1.467234738471584,16.0,1.3333333333333333,0.0,0.0,0.0,,0.0,
1.2,1,10,3426676,,0,0.08984375,12.0,0.8,1.467234738471584,16.0,1.3333333333333333,0.0,0.0,0.0,,0.0,
1.2,1,11,3426713,183.20000000000002,1,0.08984375,12.0,0.8,1.467234738471584,16.0,1.3333333333333333,0.0,0.0,0.0,,0.0,
1.2,1,12,3426750,,0,0.08984375,12.0,0.8,1.467234738471584,16.0,1.3333333333333333,0.0,0.0,0.0,,0.0,
1.2,1,13,3426787,,0,0.08984375,12.0,0.8,1.467234738471584,16.0,1.3333333333333333,0.0,0.0,0.0,,0.0,
1.2,1,14,3426824,298.40000000000003,1,0.08984375,12.0,0.8,1.467234738471584,16.0,1.3333333333333333,0.0,0.0,0.0,,0.0,
1.2,1,15,3426861,,0,0.08984375,12.0,0.8,1.467234738471584,16.0,1.3333333333333333,0.0,0.0,0.0,,0.0,
1.2,2,0,3427315,123.60000000000001,1,0.083984375,12.0,0.42857142857142855,2.223610677354389,24.0,2.0,0.0,0.0,0.0,,0.0,
1.2,2,1,3427352,299.8,1,0.083984375,12.0,0.42857142857142855,2.223610677354389,24.0,2.0,0.0,0.0,0.0,,0.0,
1.2,2,2,3427389,,0,0.083984375,12.0,0.42857142857142855,2.223610677354389,24.0,2.0,0.0,0.0,0.0,,0.0,
1.2,2,3,3427426,,0,0.083984375,12.0,0.42857142857142855,2.223610677354389,24.0,2.0,0.0,0.0,0.0,,0.0,
1.2,2,4,3427463,181.9,1,0.083984375,12.0,0.42857142857142855,2.223610677354389,24.0,2.0,0.0,0.0,0.0,,0.0,
1.2,2,5,3427500,,0,0.083984375,12.0,0.42857142857142855,2.223610677354389,24.0,2.0,0.0,0.0,0.0,,0.0,
1.2,2,6,3427537,169.9,1,0.083984375,12.0,0.42857142857142855,2.223610677354389,24.0,2.0,0.0,0.0,0.0,,0.0,
1.2,2,7,3427574,,0,0.083984375,12.0,0.42857142857142855,2.223610677354389,24.0,2.0,0.0,0.0,0.0,,0.0,
1.2,2,8,3427611,,0,0.083984375,12.0,0.42857142857142855,2.223610677354389,24.0,2.0,0.0,0.0,0.0,,0.0,
1.2,2,9,3427648,,0,0.083984375,12.0,0.42857142857142855,2.223610677354389,24.0,2.0,0.0,0.0,0.0,,0.0,
1.2,2,10,3427685,,0,0.083984375,12.0,0.42857142857142855,2.223610677354389,24.0,2.0,0.0,0.0,0.0,,0.0,
1.2,2,11,3427722,,0,0.083984375,12.0,0.42857142857142855,2.223610677354389,24.0,2.0,0.0,0.0,0.0,,0.0,
1.2,2,12,3427759,,0,0.083984375,12.0,0.42857142857142855,2.223610677354389,24.0,2.0,0.0,0.0,0.0,,0.0,
1.2,2,13,3427796,,0,0.083984375,12.0,0.42857142857142855,2.223610677354389,24.0,2.0,0.0,0.0,0.0,,0.0,
1.2,2,14,3427833,,0,0.083984375,12.0,0.42857142857142855,2.223610677354389,24.0,2.0,0.0,0.0,0.0,,0.0,
1.2,2,15,3427870,100.3,1,0.083984375,12.0,0.42857142857142855,2.223610677354389,24.0,2.0,0.0,0.0,0.0,,0.0,
1.2,3,0,3428324,134.8,1,0.08544921875,10.0,0.5555555555555556,1.7435595774162693,22.0,2.2,0.0,0.0,0.0,,0.0,
1.2,3,1,3428361,235.8,1,0.08544921875,10.0,0.5555555555555556,1.7435595774162693,22.0,2.2,0.0,0.0,0.0,,0.0,
1.2,3,2,3428398,,0,0.08544921875,10.0,0.5555555555555556,1.7435595774162693,22.0,2.2,0.0,0.0,0.0,,0.0,
1.2,3,3,3428435,,0,0.08544921875,10.0,0.5555555555555556,1.7435595774162693,22.0,2.2,0.0,0.0,0.0,,0.0,
1.2,3,4,3428472,,0,0.08544921875,10.0,0.5555555555555556,1.7435595774162693,22.0,2.2,0.0,0.0,0.0,,0.0,
1.2,3,5,3428509,120.0,1,0.08544921875,10.0,0.5555555555555556,1.7435595774162693,22.0,2.2,0.0,0.0,0.0,,0.0,
1.2,3,6,3428546,,0,0.08544921875,10.0,0.5555555555555556,1.7435595774162693,22.0,2.2,0.0,0.0,0.0,,0.0,
1.2,3,7,3428583,,0,0.08544921875,10.0,0.5555555555555556,1.7435595774162693,22.0,2.2,0.0,0.0,0.0,,0.0,
1.2,3,8,3428620,,0,0.08544921875,10.0,0.5555555555555556,1.7435595774162693,22.0,2.2,0.0,0.0,0.0,,0.0,
1.2,3,9,3428657,112.5,1,0.08544921875,10.0,0.5555555555555556,1.7435595774162693,22.0,2.2,0.0,0.0,0.0,,0.0,
1.2,3,10,3428694,,0,0.08544921875,10.0,0.5555555555555556,1.7435595774162693,22.0,2.2,0.0,0.0,0.0,,0.0,
1.2,3,11,3428731,,0,0.08544921875,10.0,0.5555555555555556,1.7435595774162693,22.0,2.2,0.0,0.0,0.0,,0.0,
1.2,3,12,3428768,202.1,1,0.08544921875,10.0,0.5555555555555556,1.7435595774162693,22.0,2.2,0.0,0.0,0.0,,0.0,
1.2,3,13,3428805,260.5,1,0.08544921875,10.0,0.5555555555555556,1.7435595774162693,22.0,2.2,0.0,0.0,0.0,,0.0,
1.2,3,14,3428842,,0,0.08544921875,10.0,0.5555555555555556,1.7435595774162693,22.0,2.2,0.0,0.0,0.0,,0.0,
1.2,3,15,3428879,,0,0.08544921875,10.0,0.5555555555555556,1.7435595774162693,22.0,2.2,0.0,0.0,0.0,,0.0,
1.2,4,0,3429333,,0,0.082275390625,12.0,0.5,1.8689717910004837,24.0,2.0,0.0,0.0,0.0,,0.0,
1.2,4,1,3429370,70.7,1,0.082275390625,12.0,0.5,1.8689717910004837,24.0,2.0,0.0,0.0,0.0,,0.0,
1.2,4,2,3429407,280.5,1,0.082275390625,12.0,0.5,1.8689717910004837,24.0,2.0,0.0,0.0,0.0,,0.0,
1.2,4,3,3429444,,0,0.082275390625,12.0,0.5,1.8689717910004837,24.0,2.0,0.0,0.0,0.0,,0.0,
1.2,4,4,3429481,,0,0.082275390625,12.0,0.5,1.8689717910004837,24.0,2.0,0.0,0.0,0.0,,0.0,
1.2,4,5,3429518,176.9,1,0.082275390625,12.0,0.5,1.8689717910004837,24.0,2.0,0.0,0.0,0.0,,0.0,
1.2,4,6,3429555,,0,0.082275390625,12.0,0.5,1.8689717910004837,24.0,2.0,0.0,0.0,0.0,,0.0,
1.2,4,7,3429592,,0,0.082275390625,12.0,0.5,1.8689717910004837,24.0,2.0,0.0,0.0,0.0,,0.0,
1.2,4,8,3429629,,0,0.082275390625,12.0,0.5,1.8689717910004837,24.0,2.0,0.0,0.0,0.0,,0.0,
1.2,4,9,3429666,240.3,1,0.082275390625,12.0,0.5,1.8689717910004837,24.0,2.0,0.0,0.0,0.0,,0.0,
1.2,4,10,3429703,109.5,1,0.082275390625,12.0,0.5,1.8689717910004837,24.0,2.0,0.0,0.0,0.0,,0.0,
1.2,4,11,3429740,251.1,1,0.082275390625,12.0,0.5,1.8689717910004837,24.0,2.0,0.0,0.0,0.0,,0.0,
1.2,4,12,3429777,,0,0.082275390625,12.0,0.5,1.8689717910004837,24.0,2.0,0.0,0.0,0.0,,0.0,
1.2,4,13,3429814,239.5,1,0.082275390625,12.0,0.5,1.8689717910004837,24.0,2.0,0.0,0.0,0.0,,0.0,
1.2,4,14,3429851,,0,0.082275390625,12.0,0.5,1.8689717910004837,24.0,2.0,0.0,0.0,0.0,,0.0,
1.2,4,15,3429888,,0,0.082275390625,12.0,0.5,1.8689717910004837,24.0,2.0,0.0,0.0,0.0,,0.0,
1.2,5,0,3430342,,0,0.08447265625,15.0,0.6,1.6865480854231356,22.0,1.4666666666666666,0.0,0.0,0.0,,0.0,
1.2,5,1,3430379,,0,0.08447265625,15.0,0.6,1.6865480854231356,22.0,1.4666666666666666,0.0,0.0,0.0,,0.0,
1.2,5,2,3430416,,0,0.08447265625,15.0,0.6,1.6865480854231356,22.0,1.4666666666666666,0.0,0.0,0.0,,0.0,
1.2,5,3,3430453,,0,0.08447265625,15.0,0.6,1.6865480854231356,22.0,1.4666666666666666,0.0,0.0,0.0,,0.0,
1.2,5,4,3430490,74.10000000000001,1,0.08447265625,15.0,0.6,1.6865480854231356,22.0,1.4666666666666666,0.0,0.0,0.0,,0.0,
1.2,5,5,3430527,278.5,1,0.08447265625,15.0,0.6,1.6865480854231356,22.0,1.4666666666666666,0.0,0.0,0.0,,0.0,
1.2,5,6,3430564,,0,0.08447265625,15.0,0.6,1.6865480854231356,22.0,1.4666666666666666,0.0,0.0,0.0,,0.0,
1.2,5,7,3430601,,0,0.08447265625,15.0,0.6,1.6865480854231356,22.0,1.4666666666666666,0.0,0.0,0.0,,0.0,
1.2,5,8,3430638,,0,0.08447265625,15.0,0.6,1.6865480854231356,22.0,1.4666666666666666,0.0,0.0,0.0,,0.0,
1.2,5,9,3430675,213.3,1,0.08447265625,15.0,0.6,1.6865480854231356,22.0,1.4666666666666666,0.0,0.0,0.0,,0.0,
1.2,5,10,3430712,,0,0.08447265625,15.0,0.6,1.6865480854231356,22.0,1.4666666666666666,0.0,0.0,0.0,,0.0,
1.2,5,11,3430749,,0,0.08447265625,15.0,0.6,1.6865480854231356,22.0,1.4666666666666666,0.0,0.0,0.0,,0.0,
1.2,5,12,3430786,,0,0.08447265625,15.0,0.6,1.6865480854231356,22.0,1.4666666666666666,0.0,0.0,0.0,,0.0,
1.2,5,13,3430823,,0,0.08447265625,15.0,0.6,1.6865480854231356,22.0,1.4666666666666666,0.0,0.0,0.0,,0.0,
1.2,5,14,3430860,,0,0.08447265625,15.0,0.6,1.6865480854231356,22.0,1.4666666666666666,0.0,0.0,0.0,,0.0,
1.2,5,15,3430897,,0,0.08447265625,15.0,0.6,1.6865480854231356,22.0,1.4666666666666666,0.0,0.0,0.0,,0.0,
1.2,6,0,3431351,,0,0.10205078125,17.0,0.5666666666666667,1.8933502281683625,26.0,1.5294117647058822,0.0,0.0,0.0,,0.0,
1.2,6,1,3431388,,0,0.10205078125,17.0,0.5666666666666667,1.8933502281683625,26.0,1.5294117647058822,0.0,0.0,0.0,,0.0,
1.2,6,2,3431425,,0,0.10205078125,17.0,0.5666666666666667,1.8933502281683625,26.0,1.5294117647058822,0.0,0.0,0.0,,0.0,
1.2,6,3,3431462,292.90000000000003,1,0.10205078125,17.0,0.5666666666666667,1.8933502281683625,26.0,1.5294117647058822,0.0,0.0,0.0,,0.0,
1.2,6,4,3431499,,0,0.10205078125,17.0,0.5666666666666667,1.8933502281683625,26.0,1.5294117647058822,0.0,0.0,0.0,,0.0,
1.2,6,5,3431536,,0,0.10205078125,17.0,0.5666666666666667,1.8933502281683625,26.0,1.5294117647058822,0.0,0.0,0.0,,0.0,
1.2,6,6,3431573,,0,0.10205078125,17.0,0.5666666666666667,1.8933502281683625,26.0,1.5294117647058822,0.0,0.0,0.0,,0.0,
1.2,6,7,3431610,,0,0.10205078125,17.0,0.5666666666666667,1.8933502281683625,26.0,1.5294117647058822,0.0,0.0,0.0,,0.0,
1.2,6,8,3431647,,0,0.10205078125,17.0,0.5666666666666667,1.8933502281683625,26.0,1.5294117647058822,0.0,0.0,0.0,,0.0,
1.2,6,9,3431684,,0,0.10205078125,17.0,0.5666666666666667,1.8933502281683625,26.0,1.5294117647058822,0.0,0.0,0.0,,0.0,
1.2,6,10,3431721,,0,0.10205078125,17.0,0.5666666666666667,1.8933502281683625,26.0,1.5294117647058822,0.0,0.0,0.0,,0.0,
1.2,6,11,3431758,,0,0.10205078125,17.0,0.5666666666666667,1.8933502281683625,26.0,1.5294117647058822,0.0,0.0,0.0,,0.0,
1.2,6,12,3431795,,0,0.10205078125,17.0,0.5666666666666667,1.8933502281683625,26.0,1.5294117647058822,0.0,0.0,0.0,,0.0,
1.2,6,13,3431832,,0,0.10205078125,17.0,0.5666666666666667,1.8933502281683625,26.0,1.5294117647058822,0.0,0.0,0.0,,0.0,
1.2,6,14,3431869,,0,0.10205078125,17.0,0.5666666666666667,1.8933502281683625,26.0,1.5294117647058822,0.0,0.0,0.0,,0.0,
1.2,6,15,3431906,111.0,1,0.10205078125,17.0,0.5666666666666667,1.8933502281683625,26.0,1.5294117647058822,0.0,0.0,0.0,,0.0,
1.2,7,0,3432360,,0,0.096923828125,19.0,0.5277777777777778,1.8741572436594585,26.0,1.368421052631579,0.0,0.0,0.0,,0.0,
1.2,7,1,3432397,,0,0.096923828125,19.0,0.5277777777777778,1.8741572436594585,26.0,1.368421052631579,0.0,0.0,0.0,,0.0,
1.2,7,2,3432434,,0,0.096923828125,19.0,0.5277777777777778,1.8741572436594585,26.0,1.368421052631579,0.0,0.0,0.0,,0.0,
1.2,7,3,3432471,,0,0.096923828125,19.0,0.5277777777777778,1.8741572436594585,26.0,1.368421052631579,0.0,0.0,0.0,,0.0,
1.2,7,4,3432508,,0,0.096923828125,19.0,0.5277777777777778,1.8741572436594585,26.0,1.368421052631579,0.0,0.0,0.0,,0.0,
1.2,7,5,3432545,,0,0.096923828125,19.0,0.5277777777777778,1.8741572436594585,26.0,1.368421052631579,0.0,0.0,0.0,,0.0,
1.2,7,6,3432582,,0,0.096923828125,19.0,0.5277777777777778,1.8741572436594585,26.0,1.368421052631579,0.0,0.0,0.0,,0.0,
1.2,7,7,3432619,,0,0.096923828125,19.0,0.5277777777777778,1.8741572436594585,26.0,1.368421052631579,0.0,0.0,0.0,,0.0,
1.2,7,8,3432656,141.1,1,0.096923828125,19.0,0.5277777777777778,1.8741572436594585,26.0,1.368421052631579,0.0,0.0,0.0,,0.0,
1.2,7,9,3432693,237.4,1,0.096923828125,19.0,0.5277777777777778,1.8741572436594585,26.0,1.368421052631579,0.0,0.0,0.0,,0.0,
1.2,7,10,3432730,,0,0.096923828125,19.0,0.5277777777777778,1.8741572436594585,26.0,1.368421052631579,0.0,0.0,0.0,,0.0,
1.2,7,11,3432767,191.9,1,0.096923828125,19.0,0.5277777777777778,1.8741572436594585,26.0,1.368421052631579,0.0,0.0,0.0,,0.0,
1.2,7,12,3432804,,0,0.096923828125,19.0,0.5277777777777778,1.8741572436594585,26.0,1.368421052631579,0.0,0.0,0.0,,0.0,
1.2,7,13,3432841,,0,0.096923828125,19.0,0.5277777777777778,1.8741572436594585,26.0,1.368421052631579,0.0,0.0,0.0,,0.0,
1.2,7,14,3432878,,0,0.096923828125,19.0,0.5277777777777778,1.8741572436594585,26.0,1.368421052631579,0.0,0.0,0.0,,0.0,
1.2,7,15,3432915,180.6,1,0.096923828125,19.0,0.5277777777777778,1.8741572436594585,26.0,1.368421052631579,0.0,0.0,0.0,,0.0,
1.5,0,0,4425300,,0,0.130615234375,21.0,0.7,2.110335219634318,30.0,1.4285714285714286,0.0,0.0,0.0,,0.0,
1.5,0,1,4425337,91.4,1,0.130615234375,21.0,0.7,2.110335219634318,30.0,1.4285714285714286,0.0,0.0,0.0,,0.0,
1.5,0,2,4425374,161.9,1,0.130615234375,21.0,0.7,2.110335219634318,30.0,1.4285714285714286,0.0,0.0,0.0,,0.0,
1.5,0,3,4425411,,0,0.130615234375,21.0,0.7,2.110335219634318,30.0,1.4285714285714286,0.0,0.0,0.0,,0.0,
1.5,0,4,4425448,,0,0.130615234375,21.0,0.7,2.110335219634318,30.0,1.4285714285714286,0.0,0.0,0.0,,0.0,
1.5,0,5,4425485,,0,0.130615234375,21.0,0.7,2.110335219634318,30.0,1.4285714285714286,0.0,0.0,0.0,,0.0,
1.5,0,6,4425522,,0,0.130615234375,21.0,0.7,2.110335219634318,30.0,1.4285714285714286,0.0,0.0,0.0,,0.0,
1.5,0,7,4425559,,0,0.130615234375,21.0,0.7,2.110335219634318,30.0,1.4285714285714286,0.0,0.0,0.0,,0.0,
1.5,0,8,4425596,,0,0.130615234375,21.0,0.7,2.110335219634318,30.0,1.4285714285714286,0.0,0.0,0.0,,0.0,
1.5,0,9,4425633,,0,0.130615234375,21.0,0.7,2.110335219634318,30.0,1.4285714285714286,0.0,0.0,0.0,,0.0,
1.5,0,10,4425670,203.4,1,0.130615234375,21.0,0.7,2.110335219634318,30.0,1.4285714285714286,0.0,0.0,0.0,,0.0,
1.5,0,11,4425707,,0,0.130615234375,21.0,0.7,2.110335219634318,30.0,1.4285714285714286,0.0,0.0,0.0,,0.0,
1.5,0,12,4425744,,0,0.130615234375,21.0,0.7,2.110335219634318,30.0,1.4285714285714286,0.0,0.0,0.0,,0.0,
1.5,0,13,4425781,290.6,1,0.130615234375,21.0,0.7,2.110335219634318,30.0,1.4285714285714286,0.0,0.0,0.0,,0.0,
1.5,0,14,4425818,,0,0.130615234375,21.0,0.7,2.110335219634318,30.0,1.4285714285714286,0.0,0.0,0.0,,0.0,
1.5,0,15,4425855,,0,0.130615234375,21.0,0.7,2.110335219634318,30.0,1.4285714285714286,0.0,0.0,0.0,,0.0,
1.5,1,0,4426309,,0,0.129638671875,25.0,0.3472222222222222,3.094769781421552,46.0,1.84,0.0,0.0,0.0,,0.0,
1.5,1,1,4426346,,0,0.129638671875,25.0,0.3472222222222222,3.094769781421552,46.0,1.84,0.0,0.0,0.0,,0.0,
1.5,1,2,4426383,,0,0.129638671875,25.0,0.3472222222222222,3.094769781421552,46.0,1.84,0.0,0.0,0.0,,0.0,
1.5,1,3,4426420,,0,0.129638671875,25.0,0.3472222222222222,3.094769781421552,46.0,1.84,0.0,0.0,0.0,,0.0,
1.5,1,4,4426457,,0,0.129638671875,25.0,0.3472222222222222,3.094769781421552,46.0,1.84,0.0,0.0,0.0,,0.0,
1.5,1,5,4426494,,0,0.129638671875,25.0,0.3472222222222222,3.094769781421552,46.0,1.84,0.0,0.0,0.0,,0.0,
1.5,1,6,4426531,,0,0.129638671875,25.0,0.3472222222222222,3.094769781421552,46.0,1.84,0.0,0.0,0.0,,0.0,
1.5,1,7,4426568,,0,0.129638671875,25.0,0.3472222222222222,3.094769781421552,46.0,1.84,0.0,0.0,0.0,,0.0,
1.5,1,8,4426605,88.10000000000001,1,0.129638671875,25.0,0.3472222222222222,3.094769781421552,46.0,1.84,0.0,0.0,0.0,,0.0,
1.5,1,9,4426642,,0,0.129638671875,25.0,0.3472222222222222,3.094769781421552,46.0,1.84,0.0,0.0,0.0,,0.0,
1.5,1,10,4426679,,0,0.129638671875,25.0,0.3472222222222222,3.094769781421552,46.0,1.84,0.0,0.0,0.0,,0.0,
1.5,1,11,4426716,,0,0.129638671875,25.0,0.3472222222222222,3.094769781421552,46.0,1.84,0.0,0.0,0.0,,0.0,
1.5,1,12,4426753,,0,0.129638671875,25.0,0.3472222222222222,3.094769781421552,46.0,1.84,0.0,0.0,0.0,,0.0,
1.5,1,13,4426790,,0,0.129638671875,25.0,0.3472222222222222,3.094769781421552,46.0,1.84,0.0,0.0,0.0,,0.0,
1.5,1,14,4426827,,0,0.129638671875,25.0,0.3472222222222222,3.094769781421552,46.0,1.84,0.0,0.0,0.0,,0.0,
1.5,1,15,4426864,,0,0.129638671875,25.0,0.3472222222222222,3.094769781421552,46.0,1.84,0.0,0.0,0.0,,0.0,
1.5,2,0,4427318,,0,0.120849609375,12.0,0.6,1.674979270186815,22.0,1.8333333333333333,0.0,0.0,0.0,,0.0,
1.5,2,1,4427355,188.5,1,0.120849609375,12.0,0.6,1.674979270186815,22.0,1.8333333333333333,0.0,0.0,0.0,,0.0,
1.5,2,2,4427392,,0,0.120849609375,12.0,0.6,1.674979270186815,22.0,1.8333333333333333,0.0,0.0,0.0,,0.0,
1.5,2,3,4427429,261.0,1,0.120849609375,12.0,0.6,1.674979270186815,22.0,1.8333333333333333,0.0,0.0,0.0,,0.0,
1.5,2,4,4427466,170.20000000000002,1,0.120849609375,12.0,0.6,1.674979270186815,22.0,1.8333333333333333,0.0,0.0,0.0,,0.0,
1.5,2,5,4427503,,0,0.120849609375,12.0,0.6,1.674979270186815,22.0,1.8333333333333333,0.0,0.0,0.0,,0.0,
1.5,2,6,4427540,187.1,1,0.120849609375,12.0,0.6,1.674979270186815,22.0,1.8333333333333333,0.0,0.0,0.0,,0.0,
1.5,2,7,4427577,295.3,1,0.120849609375,12.0,0.6,1.674979270186815,22.0,1.8333333333333333,0.0,0.0,0.0,,0.0,
1.5,2,8,4427614,,0,0.120849609375,12.0,0.6,1.674979270186815,22.0,1.8333333333333333,0.0,0.0,0.0,,0.0,
1.5,2,9,4427651,,0,0.120849609375,12.0,0.6,1.674979270186815,22.0,1.8333333333333333,0.0,0.0,0.0,,0.0,
1.5,2,10,4427688,,0,0.120849609375,12.0,0.6,1.674979270186815,22.0,1.8333333333333333,0.0,0.0,0.0,,0.0,
1.5,2,11,4427725,139.4,1,0.120849609375,12.0,0.6,1.674979270186815,22.0,1.8333333333333333,0.0,0.0,0.0,,0.0,
1.5,2,12,4427762,,0,0.120849609375,12.0,0.6,1.674979270186815,22.0,1.8333333333333333,0.0,0.0,0.0,,0.0,
1.5,2,13,4427799,151.70000000000002,1,0.120849609375,12.0,0.6,1.674979270186815,22.0,1.8333333333333333,0.0,0.0,0.0,,0.0,
1.5,2,14,4427836,,0,0.120849609375,12.0,0.6,1.674979270186815,22.0,1.8333333333333333,0.0,0.0,0.0,,0.0,
1.5,2,15,4427873,,0,0.120849609375,12.0,0.6,1.674979270186815,22.0,1.8333333333333333,0.0,0.0,0.0,,0.0,
1.5,3,0,4428327,,0,0.1328125,11.0,0.5238095238095238,1.7721444263289026,20.0,1.8181818181818181,0.0,0.0,0.0,,0.0,
1.5,3,1,4428364,177.8,1,0.1328125,11.0,0.5238095238095238,1.7721444263289026,20.0,1.8181818181818181,0.0,0.0,0.0,,0.0,
1.5,3,2,4428401,,0,0.1328125,11.0,0.5238095238095238,1.7721444263289026,20.0,1.8181818181818181,0.0,0.0,0.0,,0.0,
1.5,3,3,4428438,,0,0.1328125,11.0,0.5238095238095238,1.7721444263289026,20.0,1.8181818181818181,0.0,0.0,0.0,,0.0,
1.5,3,4,4428475,,0,0.1328125,11.0,0.5238095238095238,1.7721444263289026,20.0,1.8181818181818181,0.0,0.0,0.0,,0.0,
1.5,3,5,4428512,,0,0.1328125,11.0,0.5238095238095238,1.7721444263289026,20.0,1.8181818181818181,0.0,0.0,0.0,,0.0,
1.5,3,6,4428549,219.4,1,0.1328125,11.0,0.5238095238095238,1.7721444263289026,20.0,1.8181818181818181,0.0,0.0,0.0,,0.0,
1.5,3,7,4428586,,0,0.1328125,11.0,0.5238095238095238,1.7721444263289026,20.0,1.8181818181818181,0.0,0.0,0.0,,0.0,
1.5,3,8,4428623,,0,0.1328125,11.0,0.5238095238095238,1.7721444263289026,20.0,1.8181818181818181,0.0,0.0,0.0,,0.0,
1.5,3,9,4428660,269.9,1,0.1328125,11.0,0.5238095238095238,1.7721444263289026,20.0,1.8181818181818181,0.0,0.0,0.0,,0.0,
1.5,3,10,4428697,205.6,1,0.1328125,11.0,0.5238095238095238,1.7721444263289026,20.0,1.8181818181818181,0.0,0.0,0.0,,0.0,
1.5,3,11,4428734,196.4,1,0.1328125,11.0,0.5238095238095238,1.7721444263289026,20.0,1.8181818181818181,0.0,0.0,0.0,,0.0,
1.5,3,12,4428771,,0,0.1328125,11.0,0.5238095238095238,1.7721444263289026,20.0,1.8181818181818181,0.0,0.0,0.0,,0.0,
1.5,3,13,4428808,221.1,1,0.1328125,11.0,0.5238095238095238,1.7721444263289026,20.0,1.8181818181818181,0.0,0.0,0.0,,0.0,
1.5,3,14,4428845,235.8,1,0.1328125,11.0,0.5238095238095238,1.7721444263289026,20.0,1.8181818181818181,0.0,0.0,0.0,,0.0,
1.5,3,15,4428882,,0,0.1328125,11.0,0.5238095238095238,1.7721444263289026,20.0,1.8181818181818181,0.0,0.0,0.0,,0.0,
1.5,4,0,4429336,,0,0.125244140625,14.0,0.3888888888888889,2.050385727772475,24.0,1.7142857142857142,0.0,0.0,0.0,,0.0,
1.5,4,1,4429373,,0,0.125244140625,14.0,0.3888888888888889,2.050385727772475,24.0,1.7142857142857142,0.0,0.0,0.0,,0.0,
1.5,4,2,4429410,,0,0.125244140625,14.0,0.3888888888888889,2.050385727772475,24.0,1.7142857142857142,0.0,0.0,0.0,,0.0,
1.5,4,3,4429447,,0,0.125244140625,14.0,0.3888888888888889,2.050385727772475,24.0,1.7142857142857142,0.0,0.0,0.0,,0.0,
1.5,4,4,4429484,164.0,1,0.125244140625,14.0,0.3888888888888889,2.050385727772475,24.0,1.7142857142857142,0.0,0.0,0.0,,0.0,
1.5,4,5,4429521,,0,0.125244140625,14.0,0.3888888888888889,2.050385727772475,24.0,1.7142857142857142,0.0,0.0,0.0,,0.0,
1.5,4,6,4429558,,0,0.125244140625,14.0,0.3888888888888889,2.050385727772475,24.0,1.7142857142857142,0.0,0.0,0.0,,0.0,
1.5,4,7,4429595,,0,0.125244140625,14.0,0.3888888888888889,2.050385727772475,24.0,1.7142857142857142,0.0,0.0,0.0,,0.0,
1.5,4,8,4429632,,0,0.125244140625,14.0,0.3888888888888889,2.050385727772475,24.0,1.7142857142857142,0.0,0.0,0.0,,0.0,
1.5,4,9,4429669,,0,0.125244140625,14.0,0.3888888888888889,2.050385727772475,24.0,1.7142857142857142,0.0,0.0,0.0,,0.0,
1.5,4,10,4429706,,0,0.125244140625,14.0,0.3888888888888889,2.050385727772475,24.0,1.7142857142857142,0.0,0.0,0.0,,0.0,
1.5,4,11,4429743,,0,0.125244140625,14.0,0.3888888888888889,2.050385727772475,24.0,1.7142857142857142,0.0,0.0,0.0,,0.0,
1.5,4,12,4429780,285.2,1,0.125244140625,14.0,0.3888888888888889,2.050385727772475,24.0,1.7142857142857142,0.0,0.0,0.0,,0.0,
1.5,4,13,4429817,,0,0.125244140625,14.0,0.3888888888888889,2.050385727772475,24.0,1.7142857142857142,0.0,0.0,0.0,,0.0,
1.5,4,14,4429854,,0,0.125244140625,14.0,0.3888888888888889,2.050385727772475,24.0,1.7142857142857142,0.0,0.0,0.0,,0.0,
1.5,4,15,4429891,,0,0.125244140625,14.0,0.3888888888888889,2.050385727772475,24.0,1.7142857142857142,0.0,0.0,0.0,,0.0,
1.5,5,0,4430345,,0,0.131103515625,19.0,0.5428571428571428,2.2230223244150396,30.0,1.5789473684210527,0.0,0.0,0.0,,0.0,
1.5,5,1,4430382,,0,0.131103515625,19.0,0.5428571428571428,2.2230223244150396,30.0,1.5789473684210527,0.0,0.0,0.0,,0.0,
1.5,5,2,4430419,293.3,1,0.131103515625,19.0,0.5428571428571428,2.2230223244150396,30.0,1.5789473684210527,0.0,0.0,0.0,,0.0,
1.5,5,3,4430456,,0,0.131103515625,19.0,0.5428571428571428,2.2230223244150396,30.0,1.5789473684210527,0.0,0.0,0.0,,0.0,
1.5,5,4,4430493,,0,0.131103515625,19.0,0.5428571428571428,2.2230223244150396,30.0,1.5789473684210527,0.0,0.0,0.0,,0.0,
1.5,5,5,4430530,,0,0.131103515625,19.0,0.5428571428571428,2.2230223244150396,30.0,1.5789473684210527,0.0,0.0,0.0,,0.0,
1.5,5,6,4430567,,0,0.131103515625,19.0,0.5428571428571428,2.2230223244150396,30.0,1.5789473684210527,0.0,0.0,0.0,,0.0,
1.5,5,7,4430604,,0,0.131103515625,19.0,0.5428571428571428,2.2230223244150396,30.0,1.5789473684210527,0.0,0.0,0.0,,0.0,
1.5,5,8,4430641,,0,0.131103515625,19.0,0.5428571428571428,2.2230223244150396,30.0,1.5789473684210527,0.0,0.0,0.0,,0.0,
1.5,5,9,4430678,166.9,1,0.131103515625,19.0,0.5428571428571428,2.2230223244150396,30.0,1.5789473684210527,0.0,0.0,0.0,,0.0,
1.5,5,10,4430715,,0,0.131103515625,19.0,0.5428571428571428,2.2230223244150396,30.0,1.5789473684210527,0.0,0.0,0.0,,0.0,
1.5,5,11,4430752,,0,0.131103515625,19.0,0.5428571428571428,2.2230223244150396,30.0,1.5789473684210527,0.0,0.0,0.0,,0.0,
1.5,5,12,4430789,,0,0.131103515625,19.0,0.5428571428571428,2.2230223244150396,30.0,1.5789473684210527,0.0,0.0,0.0,,0.0,
1.5,5,13,4430826,,0,0.131103515625,19.0,0.5428571428571428,2.2230223244150396,30.0,1.5789473684210527,0.0,0.0,0.0,,0.0,
1.5,5,14,4430863,,0,0.131103515625,19.0,0.5428571428571428,2.2230223244150396,30.0,1.5789473684210527,0.0,0.0,0.0,,0.0,
1.5,5,15,4430900,,0,0.131103515625,19.0,0.5428571428571428,2.2230223244150396,30.0,1.5789473684210527,0.0,0.0,0.0,,0.0,
1.5,6,0,4431354,,0,0.129638671875,11.0,0.55,1.4937887931959075,20.0,1.8181818181818181,0.0,0.0,0.0,,0.0,
1.5,6,1,4431391,259.8,1,0.129638671875,11.0,0.55,1.4937887931959075,20.0,1.8181818181818181,0.0,0.0,0.0,,0.0,
1.5,6,2,4431428,,0,0.129638671875,11.0,0.55,1.4937887931959075,20.0,1.8181818181818181,0.0,0.0,0.0,,0.0,
1.5,6,3,4431465,213.5,1,0.129638671875,11.0,0.55,1.4937887931959075,20.0,1.8181818181818181,0.0,0.0,0.0,,0.0,
1.5,6,4,4431502,,0,0.129638671875,11.0,0.55,1.4937887931959075,20.0,1.8181818181818181,0.0,0.0,0.0,,0.0,
1.5,6,5,4431539,,0,0.129638671875,11.0,0.55,1.4937887931959075,20.0,1.8181818181818181,0.0,0.0,0.0,,0.0,
1.5,6,6,4431576,,0,0.129638671875,11.0,0.55,1.4937887931959075,20.0,1.8181818181818181,0.0,0.0,0.0,,0.0,
1.5,6,7,4431613,187.3,1,0.129638671875,11.0,0.55,1.4937887931959075,20.0,1.8181818181818181,0.0,0.0,0.0,,0.0,
1.5,6,8,4431650,138.8,1,0.129638671875,11.0,0.55,1.4937887931959075,20.0,1.8181818181818181,0.0,0.0,0.0,,0.0,
1.5,6,9,4431687,,0,0.129638671875,11.0,0.55,1.4937887931959075,20.0,1.8181818181818181,0.0,0.0,0.0,,0.0,
1.5,6,10,4431724,,0,0.129638671875,11.0,0.55,1.4937887931959075,20.0,1.8181818181818181,0.0,0.0,0.0,,0.0,
1.5,6,11,4431761,230.20000000000002,1,0.129638671875,11.0,0.55,1.4937887931959075,20.0,1.8181818181818181,0.0,0.0,0.0,,0.0,
1.5,6,12,4431798,174.8,1,0.129638671875,11.0,0.55,1.4937887931959075,20.0,1.8181818181818181,0.0,0.0,0.0,,0.0,
1.5,6,13,4431835,95.9,1,0.129638671875,11.0,0.55,1.4937887931959075,20.0,1.8181818181818181,0.0,0.0,0.0,,0.0,
1.5,6,14,4431872,239.1,1,0.129638671875,11.0,0.55,1.4937887931959075,20.0,1.8181818181818181,0.0,0.0,0.0,,0.0,
1.5,6,15,4431909,209.3,1,0.129638671875,11.0,0.55,1.4937887931959075,20.0,1.8181818181818181,0.0,0.0,0.0,,0.0,
1.5,7,0,4432363,205.20000000000002,1,0.134765625,13.0,0.7222222222222222,1.587674418503869,18.0,1.3846153846153846,0.0,0.0,0.0,,0.0,
1.5,7,1,4432400,,0,0.134765625,13.0,0.7222222222222222,1.587674418503869,18.0,1.3846153846153846,0.0,0.0,0.0,,0.0,
1.5,7,2,4432437,,0,0.134765625,13.0,0.7222222222222222,1.587674418503869,18.0,1.3846153846153846,0.0,0.0,0.0,,0.0,
1.5,7,3,4432474,,0,0.134765625,13.0,0.7222222222222222,1.587674418503869,18.0,1.3846153846153846,0.0,0.0,0.0,,0.0,
1.5,7,4,4432511,,0,0.134765625,13.0,0.7222222222222222,1.587674418503869,18.0,1.3846153846153846,0.0,0.0,0.0,,0.0,
1.5,7,5,4432548,,0,0.134765625,13.0,0.7222222222222222,1.587674418503869,18.0,1.3846153846153846,0.0,0.0,0.0,,0.0,
1.5,7,6,4432585,,0,0.134765625,13.0,0.7222222222222222,1.587674418503869,18.0,1.3846153846153846,0.0,0.0,0.0,,0.0,
1.5,7,7,4432622,78.7,1,0.134765625,13.0,0.7222222222222222,1.587674418503869,18.0,1.3846153846153846,0.0,0.0,0.0,,0.0,
1.5,7,8,4432659,206.3,1,0.134765625,13.0,0.7222222222222222,1.587674418503869,18.0,1.3846153846153846,0.0,0.0,0.0,,0.0,
1.5,7,9,4432696,,0,0.134765625,13.0,0.7222222222222222,1.587674418503869,18.0,1.3846153846153846,0.0,0.0,0.0,,0.0,
1.5,7,10,4432733,,0,0.134765625,13.0,0.7222222222222222,1.587674418503869,18.0,1.3846153846153846,0.0,0.0,0.0,,0.0,
1.5,7,11,4432770,,0,0.134765625,13.0,0.7222222222222222,1.587674418503869,18.0,1.3846153846153846,0.0,0.0,0.0,,0.0,
1.5,7,12,4432807,,0,0.134765625,13.0,0.7222222222222222,1.587674418503869,18.0,1.3846153846153846,0.0,0.0,0.0,,0.0,
1.5,7,13,4432844,,0,0.134765625,13.0,0.7222222222222222,1.587674418503869,18.0,1.3846153846153846,0.0,0.0,0.0,,0.0,
1.5,7,14,4432881,,0,0.134765625,13.0,0.7222222222222222,1.587674418503869,18.0,1.3846153846153846,0.0,0.0,0.0,,0.0,
1.5,7,15,4432918,225.20000000000002,1,0.134765625,13.0,0.7222222222222222,1.587674418503869,18.0,1.3846153846153846,0.0,0.0,0.0,,0.0,
2.0,0,0,5425303,,0,0.19677734375,22.0,0.4074074074074074,2.596883064924673,36.0,1.6363636363636365,0.0,0.0,0.0,,0.0,
2.0,0,1,5425340,147.70000000000002,1,0.19677734375,22.0,0.4074074074074074,2.596883064924673,36.0,1.6363636363636365,0.0,0.0,0.0,,0.0,
2.0,0,2,5425377,,0,0.19677734375,22.0,0.4074074074074074,2.596883064924673,36.0,1.6363636363636365,0.0,0.0,0.0,,0.0,
2.0,0,3,5425414,115.8,1,0.19677734375,22.0,0.4074074074074074,2.596883064924673,36.0,1.6363636363636365,0.0,0.0,0.0,,0.0,
2.0,0,4,5425451,,0,0.19677734375,22.0,0.4074074074074074,2.596883064924673,36.0,1.6363636363636365,0.0,0.0,0.0,,0.0,
2.0,0,5,5425488,,0,0.19677734375,22.0,0.4074074074074074,2.596883064924673,36.0,1.6363636363636365,0.0,0.0,0.0,,0.0,
2.0,0,6,5425525,84.2,1,0.19677734375,22.0,0.4074074074074074,2.596883064924673,36.0,1.6363636363636365,0.0,0.0,0.0,,0.0,
2.0,0,7,5425562,268.4,1,0.19677734375,22.0,0.4074074074074074,2.596883064924673,36.0,1.6363636363636365,0.0,0.0,0.0,,0.0,
2.0,0,8,5425599,,0,0.19677734375,22.0,0.4074074074074074,2.596883064924673,36.0,1.6363636363636365,0.0,0.0,0.0,,0.0,
2.0,0,9,5425636,,0,0.19677734375,22.0,0.4074074074074074,2.596883064924673,36.0,1.6363636363636365,0.0,0.0,0.0,,0.0,
2.0,0,10,5425673,153.3,1,0.19677734375,22.0,0.4074074074074074,2.596883064924673,36.0,1.6363636363636365,0.0,0.0,0.0,,0.0,
2.0,0,11,5425710,152.8,1,0.19677734375,22.0,0.4074074074074074,2.596883064924673,36.0,1.6363636363636365,0.0,0.0,0.0,,0.0,
2.0,0,12,5425747,,0,0.19677734375,22.0,0.4074074074074074,2.596883064924673,36.0,1.6363636363636365,0.0,0.0,0.0,,0.0,
2.0,0,13,5425784,222.3,1,0.19677734375,22.0,0.4074074074074074,2.596883064924673,36.0,1.6363636363636365,0.0,0.0,0.0,,0.0,
2.0,0,14,5425821,,0,0.19677734375,22.0,0.4074074074074074,2.596883064924673,36.0,1.6363636363636365,0.0,0.0,0.0,,0.0,
2.0,0,15,5425858,174.5,1,0.19677734375,22.0,0.4074074074074074,2.596883064924673,36.0,1.6363636363636365,0.0,0.0,0.0,,0.0,
2.0,1,0,5426312,,0,0.19287109375,23.0,0.4107142857142857,2.468707750709285,44.0,1.9130434782608696,0.0,0.0,0.0,,0.0,
2.0,1,1,5426349,,0,0.19287109375,23.0,0.4107142857142857,2.468707750709285,44.0,1.9130434782608696,0.0,0.0,0.0,,0.0,
2.0,1,2,5426386,249.0,1,0.19287109375,23.0,0.4107142857142857,2.468707750709285,44.0,1.9130434782608696,0.0,0.0,0.0,,0.0,
2.0,1,3,5426423,,0,0.19287109375,23.0,0.4107142857142857,2.468707750709285,44.0,1.9130434782608696,0.0,0.0,0.0,,0.0,
2.0,1,4,5426460,,0,0.19287109375,23.0,0.4107142857142857,2.468707750709285,44.0,1.9130434782608696,0.0,0.0,0.0,,0.0,
2.0,1,5,5426497,175.8,1,0.19287109375,23.0,0.4107142857142857,2.468707750709285,44.0,1.9130434782608696,0.0,0.0,0.0,,0.0,
2.0,1,6,5426534,,0,0.19287109375,23.0,0.4107142857142857,2.468707750709285,44.0,1.9130434782608696,0.0,0.0,0.0,,0.0,
2.0,1,7,5426571,,0,0.19287109375,23.0,0.4107142857142857,2.468707750709285,44.0,1.9130434782608696,0.0,0.0,0.0,,0.0,
2.0,1,8,5426608,,0,0.19287109375,23.0,0.4107142857142857,2.468707750709285,44.0,1.9130434782608696,0.0,0.0,0.0,,0.0,
2.0,1,9,5426645,,0,0.19287109375,23.0,0.4107142857142857,2.468707750709285,44.0,1.9130434782608696,0.0,0.0,0.0,,0.0,
2.0,1,10,5426682,,0,0.19287109375,23.0,0.4107142857142857,2.468707750709285,44.0,1.9130434782608696,0.0,0.0,0.0,,0.0,
2.0,1,11,5426719,120.10000000000001,1,0.19287109375,23.0,0.4107142857142857,2.468707750709285,44.0,1.9130434782608696,0.0,0.0,0.0,,0.0,
2.0,1,12,5426756,,0,0.19287109375,23.0,0.4107142857142857,2.468707750709285,44.0,1.9130434782608696,0.0,0.0,0.0,,0.0,
2.0,1,13,5426793,,0,0.19287109375,23.0,0.4107142857142857,2.468707750709285,44.0,1.9130434782608696,0.0,0.0,0.0,,0.0,
2.0,1,14,5426830,,0,0.19287109375,23.0,0.4107142857142857,2.468707750709285,44.0,1.9130434782608696,0.0,0.0,0.0,,0.0,
2.0,1,15,5426867,190.1,1,0.19287109375,23.0,0.4107142857142857,2.468707750709285,44.0,1.9130434782608696,0.0,0.0,0.0,,0.0,
2.0,2,0,5427321,,0,0.191162109375,27.0,0.35064935064935066,3.590491940265826,48.0,1.7777777777777777,0.0,0.0,0.0,,0.0,
2.0,2,1,5427358,,0,0.191162109375,27.0,0.35064935064935066,3.590491940265826,48.0,1.7777777777777777,0.0,0.0,0.0,,0.0,
2.0,2,2,5427395,152.4,1,0.191162109375,27.0,0.35064935064935066,3.590491940265826,48.0,1.7777777777777777,0.0,0.0,0.0,,0.0,
2.0,2,3,5427432,,0,0.191162109375,27.0,0.35064935064935066,3.590491940265826,48.0,1.7777777777777777,0.0,0.0,0.0,,0.0,
2.0,2,4,5427469,,0,0.191162109375,27.0,0.35064935064935066,3.590491940265826,48.0,1.7777777777777777,0.0,0.0,0.0,,0.0,
2.0,2,5,5427506,,0,0.191162109375,27.0,0.35064935064935066,3.590491940265826,48.0,1.7777777777777777,0.0,0.0,0.0,,0.0,
2.0,2,6,5427543,,0,0.191162109375,27.0,0.35064935064935066,3.590491940265826,48.0,1.7777777777777777,0.0,0.0,0.0,,0.0,
2.0,2,7,5427580,141.0,1,0.191162109375,27.0,0.35064935064935066,3.590491940265826,48.0,1.7777777777777777,0.0,0.0,0.0,,0.0,
2.0,2,8,5427617,,0,0.191162109375,27.0,0.35064935064935066,3.590491940265826,48.0,1.7777777777777777,0.0,0.0,0.0,,0.0,
2.0,2,9,5427654,,0,0.191162109375,27.0,0.35064935064935066,3.590491940265826,48.0,1.7777777777777777,0.0,0.0,0.0,,0.0,
2.0,2,10,5427691,,0,0.191162109375,27.0,0.35064935064935066,3.590491940265826,48.0,1.7777777777777777,0.0,0.0,0.0,,0.0,
2.0,2,11,5427728,,0,0.191162109375,27.0,0.35064935064935066,3.590491940265826,48.0,1.7777777777777777,0.0,0.0,0.0,,0.0,
2.0,2,12,5427765,,0,0.191162109375,27.0,0.35064935064935066,3.590491940265826,48.0,1.7777777777777777,0.0,0.0,0.0,,0.0,
2.0,2,13,5427802,,0,0.191162109375,27.0,0.35064935064935066,3.590491940265826,48.0,1.7777777777777777,0.0,0.0,0.0,,0.0,
2.0,2,14,5427839,235.6,1,0.191162109375,27.0,0.35064935064935066,3.590491940265826,48.0,1.7777777777777777,0.0,0.0,0.0,,0.0,
2.0,2,15,5427876,,0,0.191162109375,27.0,0.35064935064935066,3.590491940265826,48.0,1.7777777777777777,0.0,0.0,0.0,,0.0,
2.0,3,0,5428330,,0,0.188232421875,24.0,0.3333333333333333,2.856218848602311,44.0,1.8333333333333333,0.0,0.0,0.0,,0.0,
2.0,3,1,5428367,,0,0.188232421875,24.0,0.3333333333333333,2.856218848602311,44.0,1.8333333333333333,0.0,0.0,0.0,,0.0,
2.0,3,2,5428404,,0,0.188232421875,24.0,0.3333333333333333,2.856218848602311,44.0,1.8333333333333333,0.0,0.0,0.0,,0.0,
2.0,3,3,5428441,,0,0.188232421875,24.0,0.3333333333333333,2.856218848602311,44.0,1.8333333333333333,0.0,0.0,0.0,,0.0,
2.0,3,4,5428478,,0,0.188232421875,24.0,0.3333333333333333,2.856218848602311,44.0,1.8333333333333333,0.0,0.0,0.0,,0.0,
2.0,3,5,5428515,172.1,1,0.188232421875,24.0,0.3333333333333333,2.856218848602311,44.0,1.8333333333333333,0.0,0.0,0.0,,0.0,
2.0,3,6,5428552,,0,0.188232421875,24.0,0.3333333333333333,2.856218848602311,44.0,1.8333333333333333,0.0,0.0,0.0,,0.0,
2.0,3,7,5428589,,0,0.188232421875,24.0,0.3333333333333333,2.856218848602311,44.0,1.8333333333333333,0.0,0.0,0.0,,0.0,
2.0,3,8,5428626,206.1,1,0.188232421875,24.0,0.3333333333333333,2.856218848602311,44.0,1.8333333333333333,0.0,0.0,0.0,,0.0,
2.0,3,9,5428663,,0,0.188232421875,24.0,0.3333333333333333,2.856218848602311,44.0,1.8333333333333333,0.0,0.0,0.0,,0.0,
2.0,3,10,5428700,,0,0.188232421875,24.0,0.3333333333333333,2.856218848602311,44.0,1.8333333333333333,0.0,0.0,0.0,,0.0,
2.0,3,11,5428737,,0,0.188232421875,24.0,0.3333333333333333,2.856218848602311,44.0,1.8333333333333333,0.0,0.0,0.0,,0.0,
2.0,3,12,5428774,,0,0.188232421875,24.0,0.3333333333333333,2.856218848602311,44.0,1.8333333333333333,0.0,0.0,0.0,,0.0,
2.0,3,13,5428811,195.8,1,0.188232421875,24.0,0.3333333333333333,2.856218848602311,44.0,1.8333333333333333,0.0,0.0,0.0,,0.0,
2.0,3,14,5428848,90.60000000000001,1,0.188232421875,24.0,0.3333333333333333,2.856218848602311,44.0,1.8333333333333333,0.0,0.0,0.0,,0.0,
2.0,3,15,5428885,,0,0.188232421875,24.0,0.3333333333333333,2.856218848602311,44.0,1.8333333333333333,0.0,0.0,0.0,,0.0,
2.0,4,0,5429339,,0,0.183349609375,19.0,0.38,2.9445475222524977,38.0,2.0,0.0,0.0,0.0,,0.0,
2.0,4,1,5429376,,0,0.183349609375,19.0,0.38,2.9445475222524977,38.0,2.0,0.0,0.0,0.0,,0.0,
2.0,4,2,5429413,,0,0.183349609375,19.0,0.38,2.9445475222524977,38.0,2.0,0.0,0.0,0.0,,0.0,
2.0,4,3,5429450,,0,0.183349609375,19.0,0.38,2.9445475222524977,38.0,2.0,0.0,0.0,0.0,,0.0,
2.0,4,4,5429487,,0,0.183349609375,19.0,0.38,2.9445475222524977,38.0,2.0,0.0,0.0,0.0,,0.0,
2.0,4,5,5429524,,0,0.183349609375,19.0,0.38,2.9445475222524977,38.0,2.0,0.0,0.0,0.0,,0.0,
2.0,4,6,5429561,63.300000000000004,1,0.183349609375,19.0,0.38,2.9445475222524977,38.0,2.0,0.0,0.0,0.0,,0.0,
2.0,4,7,5429598,213.5,1,0.183349609375,19.0,0.38,2.9445475222524977,38.0,2.0,0.0,0.0,0.0,,0.0,
2.0,4,8,5429635,,0,0.183349609375,19.0,0.38,2.9445475222524977,38.0,2.0,0.0,0.0,0.0,,0.0,
2.0,4,9,5429672,130.1,1,0.183349609375,19.0,0.38,2.9445475222524977,38.0,2.0,0.0,0.0,0.0,,0.0,
2.0,4,10,5429709,155.0,1,0.183349609375,19.0,0.38,2.9445475222524977,38.0,2.0,0.0,0.0,0.0,,0.0,
2.0,4,11,5429746,250.9,1,0.183349609375,19.0,0.38,2.9445475222524977,38.0,2.0,0.0,0.0,0.0,,0.0,
2.0,4,12,5429783,187.6,1,0.183349609375,19.0,0.38,2.9445475222524977,38.0,2.0,0.0,0.0,0.0,,0.0,
2.0,4,13,5429820,,0,0.183349609375,19.0,0.38,2.9445475222524977,38.0,2.0,0.0,0.0,0.0,,0.0,
2.0,4,14,5429857,,0,0.183349609375,19.0,0.38,2.9445475222524977,38.0,2.0,0.0,0.0,0.0,,0.0,
2.0,4,15,5429894,264.0,1,0.183349609375,19.0,0.38,2.9445475222524977,38.0,2.0,0.0,0.0,0.0,,0.0,
2.0,5,0,5430348,,0,0.191162109375,31.0,0.5740740740740741,2.5915093894703136,42.0,1.3548387096774193,0.0,0.0,0.0,,0.0,
2.0,5,1,5430385,132.4,1,0.191162109375,31.0,0.5740740740740741,2.5915093894703136,42.0,1.3548387096774193,0.0,0.0,0.0,,0.0,
2.0,5,2,5430422,,0,0.191162109375,31.0,0.5740740740740741,2.5915093894703136,42.0,1.3548387096774193,0.0,0.0,0.0,,0.0,
2.0,5,3,5430459,,0,0.191162109375,31.0,0.5740740740740741,2.5915093894703136,42.0,1.3548387096774193,0.0,0.0,0.0,,0.0,
2.0,5,4,5430496,239.6,1,0.191162109375,31.0,0.5740740740740741,2.5915093894703136,42.0,1.3548387096774193,0.0,0.0,0.0,,0.0,
2.0,5,5,5430533,,0,0.191162109375,31.0,0.5740740740740741,2.5915093894703136,42.0,1.3548387096774193,0.0,0.0,0.0,,0.0,
2.0,5,6,5430570,,0,0.191162109375,31.0,0.5740740740740741,2.5915093894703136,42.0,1.3548387096774193,0.0,0.0,0.0,,0.0,
2.0,5,7,5430607,,0,0.191162109375,31.0,0.5740740740740741,2.5915093894703136,42.0,1.3548387096774193,0.0,0.0,0.0,,0.0,
2.0,5,8,5430644,,0,0.191162109375,31.0,0.5740740740740741,2.5915093894703136,42.0,1.3548387096774193,0.0,0.0,0.0,,0.0,
2.0,5,9,5430681,108.7,1,0.191162109375,31.0,0.5740740740740741,2.5915093894703136,42.0,1.3548387096774193,0.0,0.0,0.0,,0.0,
2.0,5,10,5430718,,0,0.191162109375,31.0,0.5740740740740741,2.5915093894703136,42.0,1.3548387096774193,0.0,0.0,0.0,,0.0,
2.0,5,11,5430755,,0,0.191162109375,31.0,0.5740740740740741,2.5915093894703136,42.0,1.3548387096774193,0.0,0.0,0.0,,0.0,
2.0,5,12,5430792,,0,0.191162109375,31.0,0.5740740740740741,2.5915093894703136,42.0,1.3548387096774193,0.0,0.0,0.0,,0.0,
2.0,5,13,5430829,,0,0.191162109375,31.0,0.5740740740740741,2.5915093894703136,42.0,1.3548387096774193,0.0,0.0,0.0,,0.0,
2.0,5,14,5430866,,0,0.191162109375,31.0,0.5740740740740741,2.5915093894703136,42.0,1.3548387096774193,0.0,0.0,0.0,,0.0,
2.0,5,15,5430903,,0,0.191162109375,31.0,0.5740740740740741,2.5915093894703136,42.0,1.3548387096774193,0.0,0.0,0.0,,0.0,
2.0,6,0,5431357,,0,0.18408203125,29.0,0.32222222222222224,3.552895688935519,52.0,1.793103448275862,0.0,0.0,0.0,,0.0,
2.0,6,1,5431394,147.20000000000002,1,0.18408203125,29.0,0.32222222222222224,3.552895688935519,52.0,1.793103448275862,0.0,0.0,0.0,,0.0,
2.0,6,2,5431431,,0,0.18408203125,29.0,0.32222222222222224,3.552895688935519,52.0,1.793103448275862,0.0,0.0,0.0,,0.0,
2.0,6,3,5431468,154.6,1,0.18408203125,29.0,0.32222222222222224,3.552895688935519,52.0,1.793103448275862,0.0,0.0,0.0,,0.0,
2.0,6,4,5431505,,0,0.18408203125,29.0,0.32222222222222224,3.552895688935519,52.0,1.793103448275862,0.0,0.0,0.0,,0.0,
2.0,6,5,5431542,,0,0.18408203125,29.0,0.32222222222222224,3.552895688935519,52.0,1.793103448275862,0.0,0.0,0.0,,0.0,
2.0,6,6,5431579,,0,0.18408203125,29.0,0.32222222222222224,3.552895688935519,52.0,1.793103448275862,0.0,0.0,0.0,,0.0,
2.0,6,7,5431616,,0,0.18408203125,29.0,0.32222222222222224,3.552895688935519,52.0,1.793103448275862,0.0,0.0,0.0,,0.0,
2.0,6,8,5431653,,0,0.18408203125,29.0,0.32222222222222224,3.552895688935519,52.0,1.793103448275862,0.0,0.0,0.0,,0.0,
2.0,6,9,5431690,213.20000000000002,1,0.18408203125,29.0,0.32222222222222224,3.552895688935519,52.0,1.793103448275862,0.0,0.0,0.0,,0.0,
2.0,6,10,5431727,,0,0.18408203125,29.0,0.32222222222222224,3.552895688935519,52.0,1.793103448275862,0.0,0.0,0.0,,0.0,
2.0,6,11,5431764,268.2,1,0.18408203125,29.0,0.32222222222222224,3.552895688935519,52.0,1.793103448275862,0.0,0.0,0.0,,0.0,
2.0,6,12,5431801,92.3,1,0.18408203125,29.0,0.32222222222222224,3.552895688935519,52.0,1.793103448275862,0.0,0.0,0.0,,0.0,
2.0,6,13,5431838,135.6,1,0.18408203125,29.0,0.32222222222222224,3.552895688935519,52.0,1.793103448275862,0.0,0.0,0.0,,0.0,
2.0,6,14,5431875,,0,0.18408203125,29.0,0.32222222222222224,3.552895688935519,52.0,1.793103448275862,0.0,0.0,0.0,,0.0,
2.0,6,15,5431912,253.20000000000002,1,0.18408203125,29.0,0.32222222222222224,3.552895688935519,52.0,1.793103448275862,0.0,0.0,0.0,,0.0,
2.0,7,0,5432366,269.4,1,0.19189453125,30.0,0.3409090909090909,3.592739592257944,54.0,1.8,0.0,0.0,0.0,,0.0,
2.0,7,1,5432403,228.3,1,0.19189453125,30.0,0.3409090909090909,3.592739592257944,54.0,1.8,0.0,0.0,0.0,,0.0,
2.0,7,2,5432440,,0,0.19189453125,30.0,0.3409090909090909,3.592739592257944,54.0,1.8,0.0,0.0,0.0,,0.0,
2.0,7,3,5432477,,0,0.19189453125,30.0,0.3409090909090909,3.592739592257944,54.0,1.8,0.0,0.0,0.0,,0.0,
2.0,7,4,5432514,,0,0.19189453125,30.0,0.3409090909090909,3.592739592257944,54.0,1.8,0.0,0.0,0.0,,0.0,
2.0,7,5,5432551,,0,0.19189453125,30.0,0.3409090909090909,3.592739592257944,54.0,1.8,0.0,0.0,0.0,,0.0,
2.0,7,6,5432588,163.4,1,0.19189453125,30.0,0.3409090909090909,3.592739592257944,54.0,1.8,0.0,0.0,0.0,,0.0,
2.0,7,7,5432625,220.0,1,0.19189453125,30.0,0.3409090909090909,3.592739592257944,54.0,1.8,0.0,0.0,0.0,,0.0,
2.0,7,8,5432662,,0,0.19189453125,30.0,0.3409090909090909,3.592739592257944,54.0,1.8,0.0,0.0,0.0,,0.0,
2.0,7,9,5432699,,0,0.19189453125,30.0,0.3409090909090909,3.592739592257944,54.0,1.8,0.0,0.0,0.0,,0.0,
2.0,7,10,5432736,,0,0.19189453125,30.0,0.3409090909090909,3.592739592257944,54.0,1.8,0.0,0.0,0.0,,0.0,
2.0,7,11,5432773,200.6,1,0.19189453125,30.0,0.3409090909090909,3.592739592257944,54.0,1.8,0.0,0.0,0.0,,0.0,
2.0,7,12,5432810,114.5,1,0.19189453125,30.0,0.3409090909090909,3.592739592257944,54.0,1.8,0.0,0.0,0.0,,0.0,
2.0,7,13,5432847,,0,0.19189453125,30.0,0.3409090909090909,3.592739592257944,54.0,1.8,0.0,0.0,0.0,,0.0,
2.0,7,14,5432884,167.20000000000002,1,0.19189453125,30.0,0.3409090909090909,3.592739592257944,54.0,1.8,0.0,0.0,0.0,,0.0,
2.0,7,15,5432921,244.0,1,0.19189453125,30.0,0.3409090909090909,3.592739592257944,54.0,1.8,0.0,0.0,0.0,,0.0,
3.0,0,0,6425306,156.5,1,0.295654296875,41.0,0.36607142857142855,3.9338673483098985,58.0,1.4146341463414633,0.000244140625,1.0,1.0,0.0,4.0,4.0
3.0,0,1,6425343,252.0,1,0.295654296875,41.0,0.36607142857142855,3.9338673483098985,58.0,1.4146341463414633,0.000244140625,1.0,1.0,0.0,4.0,4.0
3.0,0,2,6425380,,0,0.295654296875,41.0,0.36607142857142855,3.9338673483098985,58.0,1.4146341463414633,0.000244140625,1.0,1.0,0.0,4.0,4.0
3.0,0,3,6425417,197.20000000000002,1,0.295654296875,41.0,0.36607142857142855,3.9338673483098985,58.0,1.4146341463414633,0.000244140625,1.0,1.0,0.0,4.0,4.0
3.0,0,4,6425454,,0,0.295654296875,41.0,0.36607142857142855,3.9338673483098985,58.0,1.4146341463414633,0.000244140625,1.0,1.0,0.0,4.0,4.0
3.0,0,5,6425491,,0,0.295654296875,41.0,0.36607142857142855,3.9338673483098985,58.0,1.4146341463414633,0.000244140625,1.0,1.0,0.0,4.0,4.0
3.0,0,6,6425528,,0,0.295654296875,41.0,0.36607142857142855,3.9338673483098985,58.0,1.4146341463414633,0.000244140625,1.0,1.0,0.0,4.0,4.0
3.0,0,7,6425565,,0,0.295654296875,41.0,0.36607142857142855,3.9338673483098985,58.0,1.4146341463414633,0.000244140625,1.0,1.0,0.0,4.0,4.0
3.0,0,8,6425602,,0,0.295654296875,41.0,0.36607142857142855,3.9338673483098985,58.0,1.4146341463414633,0.000244140625,1.0,1.0,0.0,4.0,4.0
3.0,0,9,6425639,,0,0.295654296875,41.0,0.36607142857142855,3.9338673483098985,58.0,1.4146341463414633,0.000244140625,1.0,1.0,0.0,4.0,4.0
3.0,0,10,6425676,,0,0.295654296875,41.0,0.36607142857142855,3.9338673483098985,58.0,1.4146341463414633,0.000244140625,1.0,1.0,0.0,4.0,4.0
3.0,0,11,6425713,,0,0.295654296875,41.0,0.36607142857142855,3.9338673483098985,58.0,1.4146341463414633,0.000244140625,1.0,1.0,0.0,4.0,4.0
3.0,0,12,6425750,,0,0.295654296875,41.0,0.36607142857142855,3.9338673483098985,58.0,1.4146341463414633,0.000244140625,1.0,1.0,0.0,4.0,4.0
3.0,0,13,6425787,,0,0.295654296875,41.0,0.36607142857142855,3.9338673483098985,58.0,1.4146341463414633,0.000244140625,1.0,1.0,0.0,4.0,4.0
3.0,0,14,6425824,,0,0.295654296875,41.0,0.36607142857142855,3.9338673483098985,58.0,1.4146341463414633,0.000244140625,1.0,1.0,0.0,4.0,4.0
3.0,0,15,6425861,,0,0.295654296875,41.0,0.36607142857142855,3.9338673483098985,58.0,1.4146341463414633,0.000244140625,1.0,1.0,0.0,4.0,4.0
3.0,1,0,6426315,,0,0.2763671875,52.0,0.37142857142857144,4.374820368248035,76.0,1.4615384615384615,0.0,0.0,0.0,,0.0,
3.0,1,1,6426352,250.70000000000002,1,0.2763671875,52.0,0.37142857142857144,4.374820368248035,76.0,1.4615384615384615,0.0,0.0,0.0,,0.0,
3.0,1,2,6426389,,0,0.2763671875,52.0,0.37142857142857144,4.374820368248035,76.0,1.4615384615384615,0.0,0.0,0.0,,0.0,
3.0,1,3,6426426,,0,0.2763671875,52.0,0.37142857142857144,4.374820368248035,76.0,1.4615384615384615,0.0,0.0,0.0,,0.0,
3.0,1,4,6426463,,0,0.2763671875,52.0,0.37142857142857144,4.374820368248035,76.0,1.4615384615384615,0.0,0.0,0.0,,0.0,
3.0,1,5,6426500,,0,0.2763671875,52.0,0.37142857142857144,4.374820368248035,76.0,1.4615384615384615,0.0,0.0,0.0,,0.0,
3.0,1,6,6426537,129.1,1,0.2763671875,52.0,0.37142857142857144,4.374820368248035,76.0,1.4615384615384615,0.0,0.0,0.0,,0.0,
3.0,1,7,6426574,,0,0.2763671875,52.0,0.37142857142857144,4.374820368248035,76.0,1.4615384615384615,0.0,0.0,0.0,,0.0,
3.0,1,8,6426611,,0,0.2763671875,52.0,0.37142857142857144,4.374820368248035,76.0,1.4615384615384615,0.0,0.0,0.0,,0.0,
3.0,1,9,6426648,,0,0.2763671875,52.0,0.37142857142857144,4.374820368248035,76.0,1.4615384615384615,0.0,0.0,0.0,,0.0,
3.0,1,10,6426685,,0,0.2763671875,52.0,0.37142857142857144,4.374820368248035,76.0,1.4615384615384615,0.0,0.0,0.0,,0.0,
3.0,1,11,6426722,,0,0.2763671875,52.0,0.37142857142857144,4.374820368248035,76.0,1.4615384615384615,0.0,0.0,0.0,,0.0,
3.0,1,12,6426759,,0,0.2763671875,52.0,0.37142857142857144,4.374820368248035,76.0,1.4615384615384615,0.0,0.0,0.0,,0.0,
3.0,1,13,6426796,288.1,1,0.2763671875,52.0,0.37142857142857144,4.374820368248035,76.0,1.4615384615384615,0.0,0.0,0.0,,0.0,
3.0,1,14,6426833,,0,0.2763671875,52.0,0.37142857142857144,4.374820368248035,76.0,1.4615384615384615,0.0,0.0,0.0,,0.0,
3.0,1,15,6426870,67.5,1,0.2763671875,52.0,0.37142857142857144,4.374820368248035,76.0,1.4615384615384615,0.0,0.0,0.0,,0.0,
3.0,2,0,6427324,262.1,1,0.312744140625,38.0,0.5428571428571428,3.2442149663551025,52.0,1.368421052631579,0.0009765625,2.0,1.0,0.5,6.0,3.0
3.0,2,1,6427361,210.0,1,0.312744140625,38.0,0.5428571428571428,3.2442149663551025,52.0,1.368421052631579,0.0009765625,2.0,1.0,0.5,6.0,3.0
3.0,2,2,6427398,,0,0.312744140625,38.0,0.5428571428571428,3.2442149663551025,52.0,1.368421052631579,0.0009765625,2.0,1.0,0.5,6.0,3.0
3.0,2,3,6427435,,0,0.312744140625,38.0,0.5428571428571428,3.2442149663551025,52.0,1.368421052631579,0.0009765625,2.0,1.0,0.5,6.0,3.0
3.0,2,4,6427472,,0,0.312744140625,38.0,0.5428571428571428,3.2442149663551025,52.0,1.368421052631579,0.0009765625,2.0,1.0,0.5,6.0,3.0
3.0,2,5,6427509,,0,0.312744140625,38.0,0.5428571428571428,3.2442149663551025,52.0,1.368421052631579,0.0009765625,2.0,1.0,0.5,6.0,3.0
3.0,2,6,6427546,147.4,1,0.312744140625,38.0,0.5428571428571428,3.2442149663551025,52.0,1.368421052631579,0.0009765625,2.0,1.0,0.5,6.0,3.0
3.0,2,7,6427583,,0,0.312744140625,38.0,0.5428571428571428,3.2442149663551025,52.0,1.368421052631579,0.0009765625,2.0,1.0,0.5,6.0,3.0
3.0,2,8,6427620,,0,0.312744140625,38.0,0.5428571428571428,3.2442149663551025,52.0,1.368421052631579,0.0009765625,2.0,1.0,0.5,6.0,3.0
3.0,2,9,6427657,,0,0.312744140625,38.0,0.5428571428571428,3.2442149663551025,52.0,1.368421052631579,0.0009765625,2.0,1.0,0.5,6.0,3.0
3.0,2,10,6427694,,0,0.312744140625,38.0,0.5428571428571428,3.2442149663551025,52.0,1.368421052631579,0.0009765625,2.0,1.0,0.5,6.0,3.0
3.0,2,11,6427731,,0,0.312744140625,38.0,0.5428571428571428,3.2442149663551025,52.0,1.368421052631579,0.0009765625,2.0,1.0,0.5,6.0,3.0
3.0,2,12,6427768,,0,0.312744140625,38.0,0.5428571428571428,3.2442149663551025,52.0,1.368421052631579,0.0009765625,2.0,1.0,0.5,6.0,3.0
3.0,2,13,6427805,96.9,1,0.312744140625,38.0,0.5428571428571428,3.2442149663551025,52.0,1.368421052631579,0.0009765625,2.0,1.0,0.5,6.0,3.0
3.0,2,14,6427842,110.0,1,0.312744140625,38.0,0.5428571428571428,3.2442149663551025,52.0,1.368421052631579,0.0009765625,2.0,1.0,0.5,6.0,3.0
3.0,2,15,6427879,256.4,1,0.312744140625,38.0,0.5428571428571428,3.2442149663551025,52.0,1.368421052631579,0.0009765625,2.0,1.0,0.5,6.0,3.0
3.0,3,0,6428333,,0,0.27734375,31.0,0.3974358974358974,4.037802639566155,54.0,1.7419354838709677,0.0,0.0,0.0,,0.0,
3.0,3,1,6428370,144.9,1,0.27734375,31.0,0.3974358974358974,4.037802639566155,54.0,1.7419354838709677,0.0,0.0,0.0,,0.0,
3.0,3,2,6428407,288.5,1,0.27734375,31.0,0.3974358974358974,4.037802639566155,54.0,1.7419354838709677,0.0,0.0,0.0,,0.0,
3.0,3,3,6428444,,0,0.27734375,31.0,0.3974358974358974,4.037802639566155,54.0,1.7419354838709677,0.0,0.0,0.0,,0.0,
3.0,3,4,6428481,,0,0.27734375,31.0,0.3974358974358974,4.037802639566155,54.0,1.7419354838709677,0.0,0.0,0.0,,0.0,
3.0,3,5,6428518,,0,0.27734375,31.0,0.3974358974358974,4.037802639566155,54.0,1.7419354838709677,0.0,0.0,0.0,,0.0,
3.0,3,6,6428555,,0,0.27734375,31.0,0.3974358974358974,4.037802639566155,54.0,1.7419354838709677,0.0,0.0,0.0,,0.0,
3.0,3,7,6428592,157.20000000000002,1,0.27734375,31.0,0.3974358974358974,4.037802639566155,54.0,1.7419354838709677,0.0,0.0,0.0,,0.0,
3.0,3,8,6428629,259.5,1,0.27734375,31.0,0.3974358974358974,4.037802639566155,54.0,1.7419354838709677,0.0,0.0,0.0,,0.0,
3.0,3,9,6428666,,0,0.27734375,31.0,0.3974358974358974,4.037802639566155,54.0,1.7419354838709677,0.0,0.0,0.0,,0.0,
3.0,3,10,6428703,,0,0.27734375,31.0,0.3974358974358974,4.037802639566155,54.0,1.7419354838709677,0.0,0.0,0.0,,0.0,
3.0,3,11,6428740,153.8,1,0.27734375,31.0,0.3974358974358974,4.037802639566155,54.0,1.7419354838709677,0.0,0.0,0.0,,0.0,
3.0,3,12,6428777,,0,0.27734375,31.0,0.3974358974358974,4.037802639566155,54.0,1.7419354838709677,0.0,0.0,0.0,,0.0,
3.0,3,13,6428814,,0,0.27734375,31.0,0.3974358974358974,4.037802639566155,54.0,1.7419354838709677,0.0,0.0,0.0,,0.0,
3.0,3,14,6428851,161.20000000000002,1,0.27734375,31.0,0.3974358974358974,4.037802639566155,54.0,1.7419354838709677,0.0,0.0,0.0,,0.0,
3.0,3,15,6428888,282.1,1,0.27734375,31.0,0.3974358974358974,4.037802639566155,54.0,1.7419354838709677,0.0,0.0,0.0,,0.0,
3.0,4,0,6429342,,0,0.28857421875,58.0,0.37662337662337664,4.549927806459707,86.0,1.4827586206896552,0.0,0.0,0.0,,0.0,
3.0,4,1,6429379,,0,0.28857421875,58.0,0.37662337662337664,4.549927806459707,86.0,1.4827586206896552,0.0,0.0,0.0,,0.0,
3.0,4,2,6429416,,0,0.28857421875,58.0,0.37662337662337664,4.549927806459707,86.0,1.4827586206896552,0.0,0.0,0.0,,0.0,
3.0,4,3,6429453,,0,0.28857421875,58.0,0.37662337662337664,4.549927806459707,86.0,1.4827586206896552,0.0,0.0,0.0,,0.0,
3.0,4,4,6429490,,0,0.28857421875,58.0,0.37662337662337664,4.549927806459707,86.0,1.4827586206896552,0.0,0.0,0.0,,0.0,
3.0,4,5,6429527,137.5,1,0.28857421875,58.0,0.37662337662337664,4.549927806459707,86.0,1.4827586206896552,0.0,0.0,0.0,,0.0,
3.0,4,6,6429564,270.3,1,0.28857421875,58.0,0.37662337662337664,4.549927806459707,86.0,1.4827586206896552,0.0,0.0,0.0,,0.0,
3.0,4,7,6429601,,0,0.28857421875,58.0,0.37662337662337664,4.549927806459707,86.0,1.4827586206896552,0.0,0.0,0.0,,0.0,
3.0,4,8,6429638,286.7,1,0.28857421875,58.0,0.37662337662337664,4.549927806459707,86.0,1.4827586206896552,0.0,0.0,0.0,,0.0,
3.0,4,9,6429675,,0,0.28857421875,58.0,0.37662337662337664,4.549927806459707,86.0,1.4827586206896552,0.0,0.0,0.0,,0.0,
3.0,4,10,6429712,122.7,1,0.28857421875,58.0,0.37662337662337664,4.549927806459707,86.0,1.4827586206896552,0.0,0.0,0.0,,0.0,
3.0,4,11,6429749,,0,0.28857421875,58.0,0.37662337662337664,4.549927806459707,86.0,1.4827586206896552,0.0,0.0,0.0,,0.0,
3.0,4,12,6429786,,0,0.28857421875,58.0,0.37662337662337664,4.549927806459707,86.0,1.4827586206896552,0.0,0.0,0.0,,0.0,
3.0,4,13,6429823,133.6,1,0.28857421875,58.0,0.37662337662337664,4.549927806459707,86.0,1.4827586206896552,0.0,0.0,0.0,,0.0,
3.0,4,14,6429860,,0,0.28857421875,58.0,0.37662337662337664,4.549927806459707,86.0,1.4827586206896552,0.0,0.0,0.0,,0.0,
3.0,4,15,6429897,238.9,1,0.28857421875,58.0,0.37662337662337664,4.549927806459707,86.0,1.4827586206896552,0.0,0.0,0.0,,0.0,
3.0,5,0,6430351,,0,0.2685546875,38.0,0.34545454545454546,3.514217265863019,64.0,1.6842105263157894,0.00048828125,1.0,1.0,0.0,4.0,4.0
3.0,5,1,6430388,,0,0.2685546875,38.0,0.34545454545454546,3.514217265863019,64.0,1.6842105263157894,0.00048828125,1.0,1.0,0.0,4.0,4.0
3.0,5,2,6430425,179.9,1,0.2685546875,38.0,0.34545454545454546,3.514217265863019,64.0,1.6842105263157894,0.00048828125,1.0,1.0,0.0,4.0,4.0
3.0,5,3,6430462,,0,0.2685546875,38.0,0.34545454545454546,3.514217265863019,64.0,1.6842105263157894,0.00048828125,1.0,1.0,0.0,4.0,4.0
3.0,5,4,6430499,,0,0.2685546875,38.0,0.34545454545454546,3.514217265863019,64.0,1.6842105263157894,0.00048828125,1.0,1.0,0.0,4.0,4.0
3.0,5,5,6430536,,0,0.2685546875,38.0,0.34545454545454546,3.514217265863019,64.0,1.6842105263157894,0.00048828125,1.0,1.0,0.0,4.0,4.0
3.0,5,6,6430573,,0,0.2685546875,38.0,0.34545454545454546,3.514217265863019,64.0,1.6842105263157894,0.00048828125,1.0,1.0,0.0,4.0,4.0
3.0,5,7,6430610,214.5,1,0.2685546875,38.0,0.34545454545454546,3.514217265863019,64.0,1.6842105263157894,0.00048828125,1.0,1.0,0.0,4.0,4.0
3.0,5,8,6430647,,0,0.2685546875,38.0,0.34545454545454546,3.514217265863019,64.0,1.6842105263157894,0.00048828125,1.0,1.0,0.0,4.0,4.0
3.0,5,9,6430684,186.0,1,0.2685546875,38.0,0.34545454545454546,3.514217265863019,64.0,1.6842105263157894,0.00048828125,1.0,1.0,0.0,4.0,4.0
3.0,5,10,6430721,,0,0.2685546875,38.0,0.34545454545454546,3.514217265863019,64.0,1.6842105263157894,0.00048828125,1.0,1.0,0.0,4.0,4.0
3.0,5,11,6430758,136.1,1,0.2685546875,38.0,0.34545454545454546,3.514217265863019,64.0,1.6842105263157894,0.00048828125,1.0,1.0,0.0,4.0,4.0
3.0,5,12,6430795,,0,0.2685546875,38.0,0.34545454545454546,3.514217265863019,64.0,1.6842105263157894,0.00048828125,1.0,1.0,0.0,4.0,4.0
3.0,5,13,6430832,,0,0.2685546875,38.0,0.34545454545454546,3.514217265863019,64.0,1.6842105263157894,0.00048828125,1.0,1.0,0.0,4.0,4.0
3.0,5,14,6430869,252.5,1,0.2685546875,38.0,0.34545454545454546,3.514217265863019,64.0,1.6842105263157894,0.00048828125,1.0,1.0,0.0,4.0,4.0
3.0,5,15,6430906,,0,0.2685546875,38.0,0.34545454545454546,3.514217265863019,64.0,1.6842105263157894,0.00048828125,1.0,1.0,0.0,4.0,4.0
3.0,6,0,6431360,178.6,1,0.278076171875,29.0,0.4027777777777778,2.859783050567632,42.0,1.4482758620689655,0.0,0.0,0.0,,0.0,
3.0,6,1,6431397,246.0,1,0.278076171875,29.0,0.4027777777777778,2.859783050567632,42.0,1.4482758620689655,0.0,0.0,0.0,,0.0,
3.0,6,2,6431434,252.70000000000002,1,0.278076171875,29.0,0.4027777777777778,2.859783050567632,42.0,1.4482758620689655,0.0,0.0,0.0,,0.0,
3.0,6,3,6431471,98.9,1,0.278076171875,29.0,0.4027777777777778,2.859783050567632,42.0,1.4482758620689655,0.0,0.0,0.0,,0.0,
3.0,6,4,6431508,267.3,1,0.278076171875,29.0,0.4027777777777778,2.859783050567632,42.0,1.4482758620689655,0.0,0.0,0.0,,0.0,
3.0,6,5,6431545,172.3,1,0.278076171875,29.0,0.4027777777777778,2.859783050567632,42.0,1.4482758620689655,0.0,0.0,0.0,,0.0,
3.0,6,6,6431582,,0,0.278076171875,29.0,0.4027777777777778,2.859783050567632,42.0,1.4482758620689655,0.0,0.0,0.0,,0.0,
3.0,6,7,6431619,280.0,1,0.278076171875,29.0,0.4027777777777778,2.859783050567632,42.0,1.4482758620689655,0.0,0.0,0.0,,0.0,
3.0,6,8,6431656,275.90000000000003,1,0.278076171875,29.0,0.4027777777777778,2.859783050567632,42.0,1.4482758620689655,0.0,0.0,0.0,,0.0,
3.0,6,9,6431693,,0,0.278076171875,29.0,0.4027777777777778,2.859783050567632,42.0,1.4482758620689655,0.0,0.0,0.0,,0.0,
3.0,6,10,6431730,248.1,1,0.278076171875,29.0,0.4027777777777778,2.859783050567632,42.0,1.4482758620689655,0.0,0.0,0.0,,0.0,
3.0,6,11,6431767,,0,0.278076171875,29.0,0.4027777777777778,2.859783050567632,42.0,1.4482758620689655,0.0,0.0,0.0,,0.0,
3.0,6,12,6431804,216.0,1,0.278076171875,29.0,0.4027777777777778,2.859783050567632,42.0,1.4482758620689655,0.0,0.0,0.0,,0.0,
3.0,6,13,6431841,,0,0.278076171875,29.0,0.4027777777777778,2.859783050567632,42.0,1.4482758620689655,0.0,0.0,0.0,,0.0,
3.0,6,14,6431878,178.70000000000002,1,0.278076171875,29.0,0.4027777777777778,2.859783050567632,42.0,1.4482758620689655,0.0,0.0,0.0,,0.0,
3.0,6,15,6431915,,0,0.278076171875,29.0,0.4027777777777778,2.859783050567632,42.0,1.4482758620689655,0.0,0.0,0.0,,0.0,
3.0,7,0,6432369,,0,0.264892578125,30.0,0.3333333333333333,3.411255878216506,50.0,1.6666666666666667,0.0,0.0,0.0,,0.0,
3.0,7,1,6432406,,0,0.264892578125,30.0,0.3333333333333333,3.411255878216506,50.0,1.6666666666666667,0.0,0.0,0.0,,0.0,
3.0,7,2,6432443,251.70000000000002,1,0.264892578125,30.0,0.3333333333333333,3.411255878216506,50.0,1.6666666666666667,0.0,0.0,0.0,,0.0,
3.0,7,3,6432480,224.5,1,0.264892578125,30.0,0.3333333333333333,3.411255878216506,50.0,1.6666666666666667,0.0,0.0,0.0,,0.0,
3.0,7,4,6432517,,0,0.264892578125,30.0,0.3333333333333333,3.411255878216506,50.0,1.6666666666666667,0.0,0.0,0.0,,0.0,
3.0,7,5,6432554,,0,0.264892578125,30.0,0.3333333333333333,3.411255878216506,50.0,1.6666666666666667,0.0,0.0,0.0,,0.0,
3.0,7,6,6432591,167.8,1,0.264892578125,30.0,0.3333333333333333,3.411255878216506,50.0,1.6666666666666667,0.0,0.0,0.0,,0.0,
3.0,7,7,6432628,,0,0.264892578125,30.0,0.3333333333333333,3.411255878216506,50.0,1.6666666666666667,0.0,0.0,0.0,,0.0,
3.0,7,8,6432665,273.0,1,0.264892578125,30.0,0.3333333333333333,3.411255878216506,50.0,1.6666666666666667,0.0,0.0,0.0,,0.0,
3.0,7,9,6432702,,0,0.264892578125,30.0,0.3333333333333333,3.411255878216506,50.0,1.6666666666666667,0.0,0.0,0.0,,0.0,
3.0,7,10,6432739,275.7,1,0.264892578125,30.0,0.3333333333333333,3.411255878216506,50.0,1.6666666666666667,0.0,0.0,0.0,,0.0,
3.0,7,11,6432776,196.5,1,0.264892578125,30.0,0.3333333333333333,3.411255878216506,50.0,1.6666666666666667,0.0,0.0,0.0,,0.0,
3.0,7,12,6432813,,0,0.264892578125,30.0,0.3333333333333333,3.411255878216506,50.0,1.6666666666666667,0.0,0.0,0.0,,0.0,
3.0,7,13,6432850,,0,0.264892578125,30.0,0.3333333333333333,3.411255878216506,50.0,1.6666666666666667,0.0,0.0,0.0,,0.0,
3.0,7,14,6432887,,0,0.264892578125,30.0,0.3333333333333333,3.411255878216506,50.0,1.6666666666666667,0.0,0.0,0.0,,0.0,
3.0,7,15,6432924,,0,0.264892578125,30.0,0.3333333333333333,3.411255878216506,50.0,1.6666666666666667,0.0,0.0,0.0,,0.0,
