model,init_mode,N,dx,dt,tmax,preeq_steps,a_f,b,c,D_f,label,a_i,D_i,sample_id,phi_b,phi_s,ordered_threshold,q_threshold,ordered_fraction_threshold,cluster_threshold,p_seed,c_seed,p_ordered_seed,c_ordered_seed,t_nuc_area,t_nuc_cluster,t_tr
phi6,preeq,64,1.0,0.02,300.0,500,0.02,1.0,1.0,0.009,1.05,0.3,0.021,0,0.14288753503622362,0.9897389314012417,0.49486946570062085,0.4897915761656359,0.001,20,0.0693359375,10.0,0.0,0.0,nan,nan,nan
phi6,preeq,64,1.0,0.02,300.0,500,0.02,1.0,1.0,0.009,1.05,0.3,0.021,1,0.14288753503622362,0.9897389314012417,0.49486946570062085,0.4897915761656359,0.001,20,0.071044921875,11.0,0.0,0.0,176.3,180.5,226.37161444927665
phi6,preeq,64,1.0,0.02,300.0,500,0.02,1.0,1.0,0.009,1.05,0.3,0.021,2,0.14288753503622362,0.9897389314012417,0.49486946570062085,0.4897915761656359,0.001,20,0.072998046875,12.0,0.0,0.0,239.0,242.20000000000002,285.73824895116286
phi6,preeq,64,1.0,0.02,300.0,500,0.02,1.0,1.0,0.009,1.05,0.3,0.021,3,0.14288753503622362,0.9897389314012417,0.49486946570062085,0.4897915761656359,0.001,20,0.07666015625,9.0,0.0,0.0,280.0,281.6,nan
phi6,preeq,64,1.0,0.02,300.0,500,0.02,1.0,1.0,0.009,1.05,0.3,0.021,4,0.14288753503622362,0.9897389314012417,0.49486946570062085,0.4897915761656359,0.001,20,0.06298828125,6.0,0.0,0.0,287.1,289.3,nan
phi6,preeq,64,1.0,0.02,300.0,500,0.02,1.0,1.0,0.009,1.05,0.3,0.021,5,0.14288753503622362,0.9897389314012417,0.49486946570062085,0.4897915761656359,0.001,20,0.0634765625,10.0,0.0,0.0,nan,nan,nan
phi6,preeq,64,1.0,0.02,300.0,500,0.02,1.0,1.0,0.009,1.05,0.3,0.021,6,0.14288753503622362,0.9897389314012417,0.49486946570062085,0.4897915761656359,0.001,20,0.060546875,9.0,0.0,0.0,nan,nan,nan
phi6,preeq,64,1.0,0.02,300.0,500,0.02,1.0,1.0,0.009,1.05,0.3,0.021,7,0.14288753503622362,0.9897389314012417,0.49486946570062085,0.4897915761656359,0.001,20,0.072265625,12.0,0.0,0.0,nan,nan,nan
phi6,preeq,64,1.0,0.02,300.0,500,0.02,1.0,1.0,0.009,1.05,0.3,0.021,8,0.14288753503622362,0.9897389314012417,0.49486946570062085,0.4897915761656359,0.001,20,0.060546875,14.0,0.0,0.0,240.6,241.70000000000002,279.4445946985727
phi6,preeq,64,1.0,0.02,300.0,500,0.02,1.0,1.0,0.009,1.05,0.3,0.021,9,0.14288753503622362,0.9897389314012417,0.49486946570062085,0.4897915761656359,0.001,20,0.0625,7.0,0.0,0.0,145.3,147.8,192.61018597267108
phi6,preeq,64,1.0,0.02,300.0,500,0.02,1.0,1.0,0.009,1.05,0.3,0.021,10,0.14288753503622362,0.9897389314012417,0.49486946570062085,0.4897915761656359,0.001,20,0.07275390625,10.0,0.0,0.0,81.3,83.3,127.98020013708019
phi6,preeq,64,1.0,0.02,300.0,500,0.02,1.0,1.0,0.009,1.05,0.3,0.021,11,0.14288753503622362,0.9897389314012417,0.49486946570062085,0.4897915761656359,0.001,20,0.06201171875,8.0,0.0,0.0,136.9,138.0,181.86327829153734
phi6,preeq,64,1.0,0.02,300.0,500,0.02,1.0,1.0,0.009,1.05,0.3,0.021,12,0.14288753503622362,0.9897389314012417,0.49486946570062085,0.4897915761656359,0.001,20,0.062744140625,7.0,0.0,0.0,nan,nan,nan
phi6,preeq,64,1.0,0.02,300.0,500,0.02,1.0,1.0,0.009,1.05,0.3,0.021,13,0.14288753503622362,0.9897389314012417,0.49486946570062085,0.4897915761656359,0.001,20,0.077392578125,13.0,0.0,0.0,nan,nan,nan
phi6,preeq,64,1.0,0.02,300.0,500,0.02,1.0,1.0,0.009,1.05,0.3,0.021,14,0.14288753503622362,0.9897389314012417,0.49486946570062085,0.4897915761656359,0.001,20,0.064697265625,9.0,0.0,0.0,nan,nan,nan
phi6,preeq,64,1.0,0.02,300.0,500,0.02,1.0,1.0,0.009,1.05,0.3,0.021,15,0.14288753503622362,0.9897389314012417,0.49486946570062085,0.4897915761656359,0.001,20,0.0791015625,8.0,0.0,0.0,254.70000000000002,257.4,nan
phi6,preeq,64,1.0,0.02,300.0,500,0.02,1.0,1.0,0.009,1.05,0.3,0.021,16,0.14288753503622362,0.9897389314012417,0.49486946570062085,0.4897915761656359,0.001,20,0.072509765625,14.0,0.0,0.0,nan,nan,nan
phi6,preeq,64,1.0,0.02,300.0,500,0.02,1.0,1.0,0.009,1.05,0.3,0.021,17,0.14288753503622362,0.9897389314012417,0.49486946570062085,0.4897915761656359,0.001,20,0.058837890625,12.0,0.0,0.0,nan,nan,nan
phi6,preeq,64,1.0,0.02,300.0,500,0.02,1.0,1.0,0.009,1.05,0.3,0.021,18,0.14288753503622362,0.9897389314012417,0.49486946570062085,0.4897915761656359,0.001,20,0.068115234375,11.0,0.0,0.0,144.20000000000002,145.9,191.7492729241425
phi6,preeq,64,1.0,0.02,300.0,500,0.02,1.0,1.0,0.009,1.05,0.3,0.021,19,0.14288753503622362,0.9897389314012417,0.49486946570062085,0.4897915761656359,0.001,20,0.076171875,15.0,0.0,0.0,251.9,253.3,294.44862326740383
phi6,preeq,64,1.0,0.02,300.0,500,0.02,1.0,1.0,0.009,1.05,0.3,0.021,20,0.14288753503622362,0.9897389314012417,0.49486946570062085,0.4897915761656359,0.001,20,0.07080078125,7.0,0.0,0.0,247.20000000000002,248.8,292.17438870393755
phi6,preeq,64,1.0,0.02,300.0,500,0.02,1.0,1.0,0.009,1.05,0.3,0.021,21,0.14288753503622362,0.9897389314012417,0.49486946570062085,0.4897915761656359,0.001,20,0.071533203125,10.0,0.0,0.0,nan,nan,nan
phi6,preeq,64,1.0,0.02,300.0,500,0.02,1.0,1.0,0.009,1.05,0.3,0.021,22,0.14288753503622362,0.9897389314012417,0.49486946570062085,0.4897915761656359,0.001,20,0.060791015625,8.0,0.0,0.0,nan,nan,nan
phi6,preeq,64,1.0,0.02,300.0,500,0.02,1.0,1.0,0.009,1.05,0.3,0.021,23,0.14288753503622362,0.9897389314012417,0.49486946570062085,0.4897915761656359,0.001,20,0.06298828125,8.0,0.0,0.0,136.6,138.3,182.96807198716664
phi6,preeq,64,1.0,0.02,300.0,500,0.02,1.0,1.0,0.009,1.05,0.3,0.021,24,0.14288753503622362,0.9897389314012417,0.49486946570062085,0.4897915761656359,0.001,20,0.06396484375,11.0,0.0,0.0,nan,nan,nan
phi6,preeq,64,1.0,0.02,300.0,500,0.02,1.0,1.0,0.009,1.05,0.3,0.021,25,0.14288753503622362,0.9897389314012417,0.49486946570062085,0.4897915761656359,0.001,20,0.057373046875,8.0,0.0,0.0,258.5,261.1,nan
phi6,preeq,64,1.0,0.02,300.0,500,0.02,1.0,1.0,0.009,1.05,0.3,0.021,26,0.14288753503622362,0.9897389314012417,0.49486946570062085,0.4897915761656359,0.001,20,0.069091796875,13.0,0.0,0.0,nan,nan,nan
phi6,preeq,64,1.0,0.02,300.0,500,0.02,1.0,1.0,0.009,1.05,0.3,0.021,27,0.14288753503622362,0.9897389314012417,0.49486946570062085,0.4897915761656359,0.001,20,0.06494140625,10.0,0.0,0.0,286.2,288.3,nan
phi6,preeq,64,1.0,0.02,300.0,500,0.02,1.0,1.0,0.009,1.05,0.3,0.021,28,0.14288753503622362,0.9897389314012417,0.49486946570062085,0.4897915761656359,0.001,20,0.06640625,12.0,0.0,0.0,nan,nan,nan
phi6,preeq,64,1.0,0.02,300.0,500,0.02,1.0,1.0,0.009,1.05,0.3,0.021,29,0.14288753503622362,0.9897389314012417,0.49486946570062085,0.4897915761656359,0.001,20,0.05810546875,7.0,0.0,0.0,nan,nan,nan
phi6,preeq,64,1.0,0.02,300.0,500,0.02,1.0,1.0,0.009,1.05,0.3,0.021,30,0.14288753503622362,0.9897389314012417,0.49486946570062085,0.4897915761656359,0.001,20,0.072998046875,15.0,0.0,0.0,223.1,224.5,269.47863148396453
phi6,preeq,64,1.0,0.02,300.0,500,0.02,1.0,1.0,0.009,1.05,0.3,0.021,31,0.14288753503622362,0.9897389314012417,0.49486946570062085,0.4897915761656359,0.001,20,0.063720703125,8.0,0.0,0.0,274.6,276.5,nan
phi6,preeq,64,1.0,0.02,300.0,500,0.02,1.0,1.0,0.009,1.05,0.3,0.021,32,0.14288753503622362,0.9897389314012417,0.49486946570062085,0.4897915761656359,0.001,20,0.07861328125,15.0,0.0,0.0,288.1,291.90000000000003,nan
phi6,preeq,64,1.0,0.02,300.0,500,0.02,1.0,1.0,0.009,1.05,0.3,0.021,33,0.14288753503622362,0.9897389314012417,0.49486946570062085,0.4897915761656359,0.001,20,0.0771484375,18.0,0.0,0.0,nan,nan,nan
phi6,preeq,64,1.0,0.02,300.0,500,0.02,1.0,1.0,0.009,1.05,0.3,0.021,34,0.14288753503622362,0.9897389314012417,0.49486946570062085,0.4897915761656359,0.001,20,0.061767578125,5.0,0.0,0.0,nan,nan,nan
phi6,preeq,64,1.0,0.02,300.0,500,0.02,1.0,1.0,0.009,1.05,0.3,0.021,35,0.14288753503622362,0.9897389314012417,0.49486946570062085,0.4897915761656359,0.001,20,0.070068359375,15.0,0.0,0.0,108.4,110.60000000000001,156.31033920243985
phi6,preeq,64,1.0,0.02,300.0,500,0.02,1.0,1.0,0.009,1.05,0.3,0.021,36,0.14288753503622362,0.9897389314012417,0.49486946570062085,0.4897915761656359,0.001,20,0.07470703125,13.0,0.0,0.0,nan,nan,nan
phi6,preeq,64,1.0,0.02,300.0,500,0.02,1.0,1.0,0.009,1.05,0.3,0.021,37,0.14288753503622362,0.9897389314012417,0.49486946570062085,0.4897915761656359,0.001,20,0.05859375,9.0,0.0,0.0,nan,nan,nan
phi6,preeq,64,1.0,0.02,300.0,500,0.02,1.0,1.0,0.009,1.05,0.3,0.021,38,0.14288753503622362,0.9897389314012417,0.49486946570062085,0.4897915761656359,0.001,20,0.069580078125,13.0,0.0,0.0,nan,nan,nan
phi6,preeq,64,1.0,0.02,300.0,500,0.02,1.0,1.0,0.009,1.05,0.3,0.021,39,0.14288753503622362,0.9897389314012417,0.49486946570062085,0.4897915761656359,0.001,20,0.0712890625,10.0,0.0,0.0,nan,nan,nan
phi6,preeq,64,1.0,0.02,300.0,500,0.02,1.0,1.0,0.009,1.05,0.3,0.021,40,0.14288753503622362,0.9897389314012417,0.49486946570062085,0.4897915761656359,0.001,20,0.065185546875,7.0,0.0,0.0,95.4,98.4,136.60474712761592
phi6,preeq,64,1.0,0.02,300.0,500,0.02,1.0,1.0,0.009,1.05,0.3,0.021,41,0.14288753503622362,0.9897389314012417,0.49486946570062085,0.4897915761656359,0.001,20,0.078857421875,8.0,0.0,0.0,nan,nan,nan
phi6,preeq,64,1.0,0.02,300.0,500,0.02,1.0,1.0,0.009,1.05,0.3,0.021,42,0.14288753503622362,0.9897389314012417,0.49486946570062085,0.4897915761656359,0.001,20,0.07373046875,21.0,0.0,0.0,nan,nan,nan
phi6,preeq,64,1.0,0.02,300.0,500,0.02,1.0,1.0,0.009,1.05,0.3,0.021,43,0.14288753503622362,0.9897389314012417,0.49486946570062085,0.4897915761656359,0.001,20,0.064208984375,8.0,0.0,0.0,141.70000000000002,144.5,174.74521836875104
phi6,preeq,64,1.0,0.02,300.0,500,0.02,1.0,1.0,0.009,1.05,0.3,0.021,44,0.14288753503622362,0.9897389314012417,0.49486946570062085,0.4897915761656359,0.001,20,0.0634765625,12.0,0.0,0.0,nan,nan,nan
phi6,preeq,64,1.0,0.02,300.0,500,0.02,1.0,1.0,0.009,1.05,0.3,0.021,45,0.14288753503622362,0.9897389314012417,0.49486946570062085,0.4897915761656359,0.001,20,0.058349609375,10.0,0.0,0.0,nan,nan,nan
phi6,preeq,64,1.0,0.02,300.0,500,0.02,1.0,1.0,0.009,1.05,0.3,0.021,46,0.14288753503622362,0.9897389314012417,0.49486946570062085,0.4897915761656359,0.001,20,0.06884765625,14.0,0.0,0.0,228.8,229.6,274.44153944216555
phi6,preeq,64,1.0,0.02,300.0,500,0.02,1.0,1.0,0.009,1.05,0.3,0.021,47,0.14288753503622362,0.9897389314012417,0.49486946570062085,0.4897915761656359,0.001,20,0.077392578125,17.0,0.0,0.0,222.3,224.1,269.8335710964837
phi6,preeq,64,1.0,0.02,300.0,500,0.02,1.0,1.0,0.009,1.05,0.3,0.021,48,0.14288753503622362,0.9897389314012417,0.49486946570062085,0.4897915761656359,0.001,20,0.057861328125,8.0,0.0,0.0,192.3,193.5,234.8641733372863
phi6,preeq,64,1.0,0.02,300.0,500,0.02,1.0,1.0,0.009,1.05,0.3,0.021,49,0.14288753503622362,0.9897389314012417,0.49486946570062085,0.4897915761656359,0.001,20,0.06884765625,8.0,0.0,0.0,nan,nan,nan
phi6,preeq,64,1.0,0.02,300.0,500,0.02,1.0,1.0,0.009,1.1,0.3,0.022000000000000002,0,0.14288753503622362,0.9897389314012417,0.49486946570062085,0.4897915761656359,0.001,20,0.077392578125,16.0,0.0,0.0,nan,nan,nan
phi6,preeq,64,1.0,0.02,300.0,500,0.02,1.0,1.0,0.009,1.1,0.3,0.022000000000000002,1,0.14288753503622362,0.9897389314012417,0.49486946570062085,0.4897915761656359,0.001,20,0.075439453125,10.0,0.0,0.0,nan,nan,nan
phi6,preeq,64,1.0,0.02,300.0,500,0.02,1.0,1.0,0.009,1.1,0.3,0.022000000000000002,2,0.14288753503622362,0.9897389314012417,0.49486946570062085,0.4897915761656359,0.001,20,0.0634765625,7.0,0.0,0.0,nan,nan,nan
phi6,preeq,64,1.0,0.02,300.0,500,0.02,1.0,1.0,0.009,1.1,0.3,0.022000000000000002,3,0.14288753503622362,0.9897389314012417,0.49486946570062085,0.4897915761656359,0.001,20,0.0849609375,9.0,0.0,0.0,80.0,82.7,132.1863668230599
phi6,preeq,64,1.0,0.02,300.0,500,0.02,1.0,1.0,0.009,1.1,0.3,0.022000000000000002,4,0.14288753503622362,0.9897389314012417,0.49486946570062085,0.4897915761656359,0.001,20,0.08056640625,12.0,0.0,0.0,nan,nan,nan
phi6,preeq,64,1.0,0.02,300.0,500,0.02,1.0,1.0,0.009,1.1,0.3,0.022000000000000002,5,0.14288753503622362,0.9897389314012417,0.49486946570062085,0.4897915761656359,0.001,20,0.0810546875,15.0,0.0,0.0,215.70000000000002,216.5,260.9005989334377
phi6,preeq,64,1.0,0.02,300.0,500,0.02,1.0,1.0,0.009,1.1,0.3,0.022000000000000002,6,0.14288753503622362,0.9897389314012417,0.49486946570062085,0.4897915761656359,0.001,20,0.07470703125,17.0,0.0,0.0,nan,nan,nan
phi6,preeq,64,1.0,0.02,300.0,500,0.02,1.0,1.0,0.009,1.1,0.3,0.022000000000000002,7,0.14288753503622362,0.9897389314012417,0.49486946570062085,0.4897915761656359,0.001,20,0.073974609375,10.0,0.0,0.0,nan,nan,nan
phi6,preeq,64,1.0,0.02,300.0,500,0.02,1.0,1.0,0.009,1.1,0.3,0.022000000000000002,8,0.14288753503622362,0.9897389314012417,0.49486946570062085,0.4897915761656359,0.001,20,0.083984375,16.0,0.0,0.0,134.7,136.8,182.45149573289416
phi6,preeq,64,1.0,0.02,300.0,500,0.02,1.0,1.0,0.009,1.1,0.3,0.022000000000000002,9,0.14288753503622362,0.9897389314012417,0.49486946570062085,0.4897915761656359,0.001,20,0.078857421875,14.0,0.0,0.0,131.3,134.2,180.88754745161492
phi6,preeq,64,1.0,0.02,300.0,500,0.02,1.0,1.0,0.009,1.1,0.3,0.022000000000000002,10,0.14288753503622362,0.9897389314012417,0.49486946570062085,0.4897915761656359,0.001,20,0.080322265625,11.0,0.0,0.0,nan,nan,nan
phi6,preeq,64,1.0,0.02,300.0,500,0.02,1.0,1.0,0.009,1.1,0.3,0.022000000000000002,11,0.14288753503622362,0.9897389314012417,0.49486946570062085,0.4897915761656359,0.001,20,0.075927734375,7.0,0.0,0.0,nan,nan,nan
phi6,preeq,64,1.0,0.02,300.0,500,0.02,1.0,1.0,0.009,1.1,0.3,0.022000000000000002,12,0.14288753503622362,0.9897389314012417,0.49486946570062085,0.4897915761656359,0.001,20,0.066650390625,9.0,0.0,0.0,nan,nan,nan
phi6,preeq,64,1.0,0.02,300.0,500,0.02,1.0,1.0,0.009,1.1,0.3,0.022000000000000002,13,0.14288753503622362,0.9897389314012417,0.49486946570062085,0.4897915761656359,0.001,20,0.0810546875,11.0,0.0,0.0,144.3,147.1,189.67746149650677
phi6,preeq,64,1.0,0.02,300.0,500,0.02,1.0,1.0,0.009,1.1,0.3,0.022000000000000002,14,0.14288753503622362,0.9897389314012417,0.49486946570062085,0.4897915761656359,0.001,20,0.068115234375,11.0,0.0,0.0,nan,nan,nan
phi6,preeq,64,1.0,0.02,300.0,500,0.02,1.0,1.0,0.009,1.1,0.3,0.022000000000000002,15,0.14288753503622362,0.9897389314012417,0.49486946570062085,0.4897915761656359,0.001,20,0.07421875,11.0,0.0,0.0,220.0,222.4,266.56977105871056
phi6,preeq,64,1.0,0.02,300.0,500,0.02,1.0,1.0,0.009,1.1,0.3,0.022000000000000002,16,0.14288753503622362,0.9897389314012417,0.49486946570062085,0.4897915761656359,0.001,20,0.07861328125,11.0,0.0,0.0,157.5,161.4,190.68958850909507
phi6,preeq,64,1.0,0.02,300.0,500,0.02,1.0,1.0,0.009,1.1,0.3,0.022000000000000002,17,0.14288753503622362,0.9897389314012417,0.49486946570062085,0.4897915761656359,0.001,20,0.07421875,9.0,0.0,0.0,193.9,195.8,244.81403229631974
phi6,preeq,64,1.0,0.02,300.0,500,0.02,1.0,1.0,0.009,1.1,0.3,0.022000000000000002,18,0.14288753503622362,0.9897389314012417,0.49486946570062085,0.4897915761656359,0.001,20,0.080078125,13.0,0.0,0.0,173.9,176.3,217.3798848560701
phi6,preeq,64,1.0,0.02,300.0,500,0.02,1.0,1.0,0.009,1.1,0.3,0.022000000000000002,19,0.14288753503622362,0.9897389314012417,0.49486946570062085,0.4897915761656359,0.001,20,0.07470703125,22.0,0.0,0.0,nan,nan,nan
phi6,preeq,64,1.0,0.02,300.0,500,0.02,1.0,1.0,0.009,1.1,0.3,0.022000000000000002,20,0.14288753503622362,0.9897389314012417,0.49486946570062085,0.4897915761656359,0.001,20,0.074951171875,8.0,0.0,0.0,220.6,223.1,261.4188604399567
phi6,preeq,64,1.0,0.02,300.0,500,0.02,1.0,1.0,0.009,1.1,0.3,0.022000000000000002,21,0.14288753503622362,0.9897389314012417,0.49486946570062085,0.4897915761656359,0.001,20,0.057861328125,13.0,0.0,0.0,nan,nan,nan
phi6,preeq,64,1.0,0.02,300.0,500,0.02,1.0,1.0,0.009,1.1,0.3,0.022000000000000002,22,0.14288753503622362,0.9897389314012417,0.49486946570062085,0.4897915761656359,0.001,20,0.08154296875,12.0,0.0,0.0,114.8,116.60000000000001,161.5906908931414
phi6,preeq,64,1.0,0.02,300.0,500,0.02,1.0,1.0,0.009,1.1,0.3,0.022000000000000002,23,0.14288753503622362,0.9897389314012417,0.49486946570062085,0.4897915761656359,0.001,20,0.080810546875,13.0,0.0,0.0,nan,nan,nan
phi6,preeq,64,1.0,0.02,300.0,500,0.02,1.0,1.0,0.009,1.1,0.3,0.022000000000000002,24,0.14288753503622362,0.9897389314012417,0.49486946570062085,0.4897915761656359,0.001,20,0.0810546875,14.0,0.0,0.0,223.4,225.8,266.85750705745147
phi6,preeq,64,1.0,0.02,300.0,500,0.02,1.0,1.0,0.009,1.1,0.3,0.022000000000000002,25,0.14288753503622362,0.9897389314012417,0.49486946570062085,0.4897915761656359,0.001,20,0.073486328125,12.0,0.0,0.0,212.8,215.0,259.5534312059988
phi6,preeq,64,1.0,0.02,300.0,500,0.02,1.0,1.0,0.009,1.1,0.3,0.022000000000000002,26,0.14288753503622362,0.9897389314012417,0.49486946570062085,0.4897915761656359,0.001,20,0.070068359375,7.0,0.0,0.0,nan,nan,nan
phi6,preeq,64,1.0,0.02,300.0,500,0.02,1.0,1.0,0.009,1.1,0.3,0.022000000000000002,27,0.14288753503622362,0.9897389314012417,0.49486946570062085,0.4897915761656359,0.001,20,0.060791015625,12.0,0.0,0.0,nan,nan,nan
phi6,preeq,64,1.0,0.02,300.0,500,0.02,1.0,1.0,0.009,1.1,0.3,0.022000000000000002,28,0.14288753503622362,0.9897389314012417,0.49486946570062085,0.4897915761656359,0.001,20,0.078857421875,13.0,0.0,0.0,188.3,190.0,238.36577588486645
phi6,preeq,64,1.0,0.02,300.0,500,0.02,1.0,1.0,0.009,1.1,0.3,0.022000000000000002,29,0.14288753503622362,0.9897389314012417,0.49486946570062085,0.4897915761656359,0.001,20,0.078369140625,11.0,0.0,0.0,85.3,87.2,132.722728198859
phi6,preeq,64,1.0,0.02,300.0,500,0.02,1.0,1.0,0.009,1.1,0.3,0.022000000000000002,30,0.14288753503622362,0.9897389314012417,0.49486946570062085,0.4897915761656359,0.001,20,0.066162109375,9.0,0.0,0.0,nan,nan,nan
phi6,preeq,64,1.0,0.02,300.0,500,0.02,1.0,1.0,0.009,1.1,0.3,0.022000000000000002,31,0.14288753503622362,0.9897389314012417,0.49486946570062085,0.4897915761656359,0.001,20,0.069091796875,9.0,0.0,0.0,nan,nan,nan
phi6,preeq,64,1.0,0.02,300.0,500,0.02,1.0,1.0,0.009,1.1,0.3,0.022000000000000002,32,0.14288753503622362,0.9897389314012417,0.49486946570062085,0.4897915761656359,0.001,20,0.0732421875,9.0,0.0,0.0,nan,nan,nan
phi6,preeq,64,1.0,0.02,300.0,500,0.02,1.0,1.0,0.009,1.1,0.3,0.022000000000000002,33,0.14288753503622362,0.9897389314012417,0.49486946570062085,0.4897915761656359,0.001,20,0.072265625,7.0,0.0,0.0,117.4,121.4,168.4326155319991
phi6,preeq,64,1.0,0.02,300.0,500,0.02,1.0,1.0,0.009,1.1,0.3,0.022000000000000002,34,0.14288753503622362,0.9897389314012417,0.49486946570062085,0.4897915761656359,0.001,20,0.083251953125,7.0,0.0,0.0,nan,nan,nan
phi6,preeq,64,1.0,0.02,300.0,500,0.02,1.0,1.0,0.009,1.1,0.3,0.022000000000000002,35,0.14288753503622362,0.9897389314012417,0.49486946570062085,0.4897915761656359,0.001,20,0.081787109375,25.0,0.0,0.0,218.1,223.20000000000002,266.11131157593513
phi6,preeq,64,1.0,0.02,300.0,500,0.02,1.0,1.0,0.009,1.1,0.3,0.022000000000000002,36,0.14288753503622362,0.9897389314012417,0.49486946570062085,0.4897915761656359,0.001,20,0.0703125,8.0,0.0,0.0,nan,nan,nan
phi6,preeq,64,1.0,0.02,300.0,500,0.02,1.0,1.0,0.009,1.1,0.3,0.022000000000000002,37,0.14288753503622362,0.9897389314012417,0.49486946570062085,0.4897915761656359,0.001,20,0.066650390625,12.0,0.0,0.0,nan,nan,nan
phi6,preeq,64,1.0,0.02,300.0,500,0.02,1.0,1.0,0.009,1.1,0.3,0.022000000000000002,38,0.14288753503622362,0.9897389314012417,0.49486946570062085,0.4897915761656359,0.001,20,0.0888671875,11.0,0.0,0.0,nan,nan,nan
phi6,preeq,64,1.0,0.02,300.0,500,0.02,1.0,1.0,0.009,1.1,0.3,0.022000000000000002,39,0.14288753503622362,0.9897389314012417,0.49486946570062085,0.4897915761656359,0.001,20,0.080078125,15.0,0.0,0.0,256.7,258.8,294.3183541040384
phi6,preeq,64,1.0,0.02,300.0,500,0.02,1.0,1.0,0.009,1.1,0.3,0.022000000000000002,40,0.14288753503622362,0.9897389314012417,0.49486946570062085,0.4897915761656359,0.001,20,0.07470703125,8.0,0.0,0.0,nan,nan,nan
phi6,preeq,64,1.0,0.02,300.0,500,0.02,1.0,1.0,0.009,1.1,0.3,0.022000000000000002,41,0.14288753503622362,0.9897389314012417,0.49486946570062085,0.4897915761656359,0.001,20,0.06884765625,7.0,0.0,0.0,250.6,252.0,279.1200805612731
phi6,preeq,64,1.0,0.02,300.0,500,0.02,1.0,1.0,0.009,1.1,0.3,0.022000000000000002,42,0.14288753503622362,0.9897389314012417,0.49486946570062085,0.4897915761656359,0.001,20,0.08203125,14.0,0.0,0.0,292.40000000000003,294.0,nan
phi6,preeq,64,1.0,0.02,300.0,500,0.02,1.0,1.0,0.009,1.1,0.3,0.022000000000000002,43,0.14288753503622362,0.9897389314012417,0.49486946570062085,0.4897915761656359,0.001,20,0.064208984375,9.0,0.0,0.0,287.6,289.7,nan
phi6,preeq,64,1.0,0.02,300.0,500,0.02,1.0,1.0,0.009,1.1,0.3,0.022000000000000002,44,0.14288753503622362,0.9897389314012417,0.49486946570062085,0.4897915761656359,0.001,20,0.076171875,15.0,0.0,0.0,148.4,151.8,198.27834126862234
phi6,preeq,64,1.0,0.02,300.0,500,0.02,1.0,1.0,0.009,1.1,0.3,0.022000000000000002,45,0.14288753503622362,0.9897389314012417,0.49486946570062085,0.4897915761656359,0.001,20,0.076904296875,15.0,0.0,0.0,nan,nan,nan
phi6,preeq,64,1.0,0.02,300.0,500,0.02,1.0,1.0,0.009,1.1,0.3,0.022000000000000002,46,0.14288753503622362,0.9897389314012417,0.49486946570062085,0.4897915761656359,0.001,20,0.0693359375,6.0,0.0,0.0,nan,nan,nan
phi6,preeq,64,1.0,0.02,300.0,500,0.02,1.0,1.0,0.009,1.1,0.3,0.022000000000000002,47,0.14288753503622362,0.9897389314012417,0.49486946570062085,0.4897915761656359,0.001,20,0.06982421875,9.0,0.0,0.0,177.1,180.0,222.10846860279915
phi6,preeq,64,1.0,0.02,300.0,500,0.02,1.0,1.0,0.009,1.1,0.3,0.022000000000000002,48,0.14288753503622362,0.9897389314012417,0.49486946570062085,0.4897915761656359,0.001,20,0.079833984375,13.0,0.0,0.0,227.70000000000002,233.6,280.70528954007216
phi6,preeq,64,1.0,0.02,300.0,500,0.02,1.0,1.0,0.009,1.1,0.3,0.022000000000000002,49,0.14288753503622362,0.9897389314012417,0.49486946570062085,0.4897915761656359,0.001,20,0.067626953125,8.0,0.0,0.0,219.4,224.5,266.54488967889023
phi6,preeq,64,1.0,0.02,300.0,500,0.02,1.0,1.0,0.009,1.2,0.3,0.024,0,0.14288753503622362,0.9897389314012417,0.49486946570062085,0.4897915761656359,0.001,20,0.095947265625,23.0,0.0,0.0,nan,nan,nan
phi6,preeq,64,1.0,0.02,300.0,500,0.02,1.0,1.0,0.009,1.2,0.3,0.024,1,0.14288753503622362,0.9897389314012417,0.49486946570062085,0.4897915761656359,0.001,20,0.0791015625,10.0,0.0,0.0,nan,nan,nan
phi6,preeq,64,1.0,0.02,300.0,500,0.02,1.0,1.0,0.009,1.2,0.3,0.024,2,0.14288753503622362,0.9897389314012417,0.49486946570062085,0.4897915761656359,0.001,20,0.08740234375,14.0,0.0,0.0,147.1,153.5,193.71533458646618
phi6,preeq,64,1.0,0.02,300.0,500,0.02,1.0,1.0,0.009,1.2,0.3,0.024,3,0.14288753503622362,0.9897389314012417,0.49486946570062085,0.4897915761656359,0.001,20,0.076904296875,6.0,0.0,0.0,nan,nan,nan
phi6,preeq,64,1.0,0.02,300.0,500,0.02,1.0,1.0,0.009,1.2,0.3,0.024,4,0.14288753503622362,0.9897389314012417,0.49486946570062085,0.4897915761656359,0.001,20,0.07763671875,11.0,0.0,0.0,nan,nan,nan
phi6,preeq,64,1.0,0.02,300.0,500,0.02,1.0,1.0,0.009,1.2,0.3,0.024,5,0.14288753503622362,0.9897389314012417,0.49486946570062085,0.4897915761656359,0.001,20,0.093994140625,11.0,0.0,0.0,nan,nan,nan
phi6,preeq,64,1.0,0.02,300.0,500,0.02,1.0,1.0,0.009,1.2,0.3,0.024,6,0.14288753503622362,0.9897389314012417,0.49486946570062085,0.4897915761656359,0.001,20,0.083740234375,13.0,0.0,0.0,nan,nan,nan
phi6,preeq,64,1.0,0.02,300.0,500,0.02,1.0,1.0,0.009,1.2,0.3,0.024,7,0.14288753503622362,0.9897389314012417,0.49486946570062085,0.4897915761656359,0.001,20,0.082275390625,8.0,0.0,0.0,98.7,101.3,147.50533883413553
phi6,preeq,64,1.0,0.02,300.0,500,0.02,1.0,1.0,0.009,1.2,0.3,0.024,8,0.14288753503622362,0.9897389314012417,0.49486946570062085,0.4897915761656359,0.001,20,0.08984375,26.0,0.0,0.0,nan,nan,nan
phi6,preeq,64,1.0,0.02,300.0,500,0.02,1.0,1.0,0.009,1.2,0.3,0.024,9,0.14288753503622362,0.9897389314012417,0.49486946570062085,0.4897915761656359,0.001,20,0.086181640625,15.0,0.0,0.0,225.0,226.6,271.8957648573895
phi6,preeq,64,1.0,0.02,300.0,500,0.02,1.0,1.0,0.009,1.2,0.3,0.024,10,0.14288753503622362,0.9897389314012417,0.49486946570062085,0.4897915761656359,0.001,20,0.093994140625,10.0,0.0,0.0,187.8,189.8,238.68217933540734
phi6,preeq,64,1.0,0.02,300.0,500,0.02,1.0,1.0,0.009,1.2,0.3,0.024,11,0.14288753503622362,0.9897389314012417,0.49486946570062085,0.4897915761656359,0.001,20,0.100341796875,13.0,0.0,0.0,nan,nan,nan
phi6,preeq,64,1.0,0.02,300.0,500,0.02,1.0,1.0,0.009,1.2,0.3,0.024,12,0.14288753503622362,0.9897389314012417,0.49486946570062085,0.4897915761656359,0.001,20,0.083740234375,9.0,0.0,0.0,nan,nan,nan
phi6,preeq,64,1.0,0.02,300.0,500,0.02,1.0,1.0,0.009,1.2,0.3,0.024,13,0.14288753503622362,0.9897389314012417,0.49486946570062085,0.4897915761656359,0.001,20,0.095458984375,11.0,0.0,0.0,130.4,131.9,178.67911001236095
phi6,preeq,64,1.0,0.02,300.0,500,0.02,1.0,1.0,0.009,1.2,0.3,0.024,14,0.14288753503622362,0.9897389314012417,0.49486946570062085,0.4897915761656359,0.001,20,0.081787109375,14.0,0.0,0.0,nan,nan,nan
phi6,preeq,64,1.0,0.02,300.0,500,0.02,1.0,1.0,0.009,1.2,0.3,0.024,15,0.14288753503622362,0.9897389314012417,0.49486946570062085,0.4897915761656359,0.001,20,0.081298828125,7.0,0.0,0.0,nan,nan,nan
phi6,preeq,64,1.0,0.02,300.0,500,0.02,1.0,1.0,0.009,1.2,0.3,0.024,16,0.14288753503622362,0.9897389314012417,0.49486946570062085,0.4897915761656359,0.001,20,0.092041015625,10.0,0.0,0.0,nan,nan,nan
phi6,preeq,64,1.0,0.02,300.0,500,0.02,1.0,1.0,0.009,1.2,0.3,0.024,17,0.14288753503622362,0.9897389314012417,0.49486946570062085,0.4897915761656359,0.001,20,0.0859375,10.0,0.0,0.0,178.20000000000002,180.6,228.9664579756662
phi6,preeq,64,1.0,0.02,300.0,500,0.02,1.0,1.0,0.009,1.2,0.3,0.024,18,0.14288753503622362,0.9897389314012417,0.49486946570062085,0.4897915761656359,0.001,20,0.083740234375,22.0,0.0,0.0,nan,nan,nan
phi6,preeq,64,1.0,0.02,300.0,500,0.02,1.0,1.0,0.009,1.2,0.3,0.024,19,0.14288753503622362,0.9897389314012417,0.49486946570062085,0.4897915761656359,0.001,20,0.084716796875,9.0,0.0,0.0,nan,nan,nan
phi6,preeq,64,1.0,0.02,300.0,500,0.02,1.0,1.0,0.009,1.2,0.3,0.024,20,0.14288753503622362,0.9897389314012417,0.49486946570062085,0.4897915761656359,0.001,20,0.08447265625,15.0,0.0,0.0,nan,nan,nan
phi6,preeq,64,1.0,0.02,300.0,500,0.02,1.0,1.0,0.009,1.2,0.3,0.024,21,0.14288753503622362,0.9897389314012417,0.49486946570062085,0.4897915761656359,0.001,20,0.08349609375,19.0,0.0,0.0,164.1,166.4,207.9197230561126
phi6,preeq,64,1.0,0.02,300.0,500,0.02,1.0,1.0,0.009,1.2,0.3,0.024,22,0.14288753503622362,0.9897389314012417,0.49486946570062085,0.4897915761656359,0.001,20,0.08447265625,14.0,0.0,0.0,111.0,113.2,163.20752814442514
phi6,preeq,64,1.0,0.02,300.0,500,0.02,1.0,1.0,0.009,1.2,0.3,0.024,23,0.14288753503622362,0.9897389314012417,0.49486946570062085,0.4897915761656359,0.001,20,0.083740234375,15.0,0.0,0.0,70.2,72.0,111.13548505007677
phi6,preeq,64,1.0,0.02,300.0,500,0.02,1.0,1.0,0.009,1.2,0.3,0.024,24,0.14288753503622362,0.9897389314012417,0.49486946570062085,0.4897915761656359,0.001,20,0.08154296875,15.0,0.0,0.0,288.1,291.90000000000003,nan
phi6,preeq,64,1.0,0.02,300.0,500,0.02,1.0,1.0,0.009,1.2,0.3,0.024,25,0.14288753503622362,0.9897389314012417,0.49486946570062085,0.4897915761656359,0.001,20,0.090576171875,15.0,0.0,0.0,nan,nan,nan
phi6,preeq,64,1.0,0.02,300.0,500,0.02,1.0,1.0,0.009,1.2,0.3,0.024,26,0.14288753503622362,0.9897389314012417,0.49486946570062085,0.4897915761656359,0.001,20,0.087890625,11.0,0.0,0.0,nan,nan,nan
phi6,preeq,64,1.0,0.02,300.0,500,0.02,1.0,1.0,0.009,1.2,0.3,0.024,27,0.14288753503622362,0.9897389314012417,0.49486946570062085,0.4897915761656359,0.001,20,0.07958984375,13.0,0.0,0.0,nan,nan,nan
phi6,preeq,64,1.0,0.02,300.0,500,0.02,1.0,1.0,0.009,1.2,0.3,0.024,28,0.14288753503622362,0.9897389314012417,0.49486946570062085,0.4897915761656359,0.001,20,0.0869140625,14.0,0.0,0.0,nan,nan,nan
phi6,preeq,64,1.0,0.02,300.0,500,0.02,1.0,1.0,0.009,1.2,0.3,0.024,29,0.14288753503622362,0.9897389314012417,0.49486946570062085,0.4897915761656359,0.001,20,0.084716796875,15.0,0.0,0.0,nan,nan,nan
phi6,preeq,64,1.0,0.02,300.0,500,0.02,1.0,1.0,0.009,1.2,0.3,0.024,30,0.14288753503622362,0.9897389314012417,0.49486946570062085,0.4897915761656359,0.001,20,0.088134765625,15.0,0.0,0.0,nan,nan,nan
phi6,preeq,64,1.0,0.02,300.0,500,0.02,1.0,1.0,0.009,1.2,0.3,0.024,31,0.14288753503622362,0.9897389314012417,0.49486946570062085,0.4897915761656359,0.001,20,0.08447265625,12.0,0.0,0.0,nan,nan,nan
phi6,preeq,64,1.0,0.02,300.0,500,0.02,1.0,1.0,0.009,1.2,0.3,0.024,32,0.14288753503622362,0.9897389314012417,0.49486946570062085,0.4897915761656359,0.001,20,0.06787109375,9.0,0.0,0.0,nan,nan,nan
phi6,preeq,64,1.0,0.02,300.0,500,0.02,1.0,1.0,0.009,1.2,0.3,0.024,33,0.14288753503622362,0.9897389314012417,0.49486946570062085,0.4897915761656359,0.001,20,0.0888671875,11.0,0.0,0.0,nan,nan,nan
phi6,preeq,64,1.0,0.02,300.0,500,0.02,1.0,1.0,0.009,1.2,0.3,0.024,34,0.14288753503622362,0.9897389314012417,0.49486946570062085,0.4897915761656359,0.001,20,0.093994140625,8.0,0.0,0.0,nan,nan,nan
phi6,preeq,64,1.0,0.02,300.0,500,0.02,1.0,1.0,0.009,1.2,0.3,0.024,35,0.14288753503622362,0.9897389314012417,0.49486946570062085,0.4897915761656359,0.001,20,0.09716796875,17.0,0.0,0.0,nan,nan,nan
phi6,preeq,64,1.0,0.02,300.0,500,0.02,1.0,1.0,0.009,1.2,0.3,0.024,36,0.14288753503622362,0.9897389314012417,0.49486946570062085,0.4897915761656359,0.001,20,0.07763671875,11.0,0.0,0.0,nan,nan,nan
phi6,preeq,64,1.0,0.02,300.0,500,0.02,1.0,1.0,0.009,1.2,0.3,0.024,37,0.14288753503622362,0.9897389314012417,0.49486946570062085,0.4897915761656359,0.001,20,0.08642578125,12.0,0.0,0.0,nan,nan,nan
phi6,preeq,64,1.0,0.02,300.0,500,0.02,1.0,1.0,0.009,1.2,0.3,0.024,38,0.14288753503622362,0.9897389314012417,0.49486946570062085,0.4897915761656359,0.001,20,0.082275390625,8.0,0.0,0.0,nan,nan,nan
phi6,preeq,64,1.0,0.02,300.0,500,0.02,1.0,1.0,0.009,1.2,0.3,0.024,39,0.14288753503622362,0.9897389314012417,0.49486946570062085,0.4897915761656359,0.001,20,0.087646484375,13.0,0.0,0.0,nan,nan,nan
phi6,preeq,64,1.0,0.02,300.0,500,0.02,1.0,1.0,0.009,1.2,0.3,0.024,40,0.14288753503622362,0.9897389314012417,0.49486946570062085,0.4897915761656359,0.001,20,0.082275390625,12.0,0.0,0.0,nan,nan,nan
phi6,preeq,64,1.0,0.02,300.0,500,0.02,1.0,1.0,0.009,1.2,0.3,0.024,41,0.14288753503622362,0.9897389314012417,0.49486946570062085,0.4897915761656359,0.001,20,0.088134765625,11.0,0.0,0.0,nan,nan,nan
phi6,preeq,64,1.0,0.02,300.0,500,0.02,1.0,1.0,0.009,1.2,0.3,0.024,42,0.14288753503622362,0.9897389314012417,0.49486946570062085,0.4897915761656359,0.001,20,0.0751953125,11.0,0.0,0.0,nan,nan,nan
phi6,preeq,64,1.0,0.02,300.0,500,0.02,1.0,1.0,0.009,1.2,0.3,0.024,43,0.14288753503622362,0.9897389314012417,0.49486946570062085,0.4897915761656359,0.001,20,0.093505859375,11.0,0.0,0.0,nan,nan,nan
phi6,preeq,64,1.0,0.02,300.0,500,0.02,1.0,1.0,0.009,1.2,0.3,0.024,44,0.14288753503622362,0.9897389314012417,0.49486946570062085,0.4897915761656359,0.001,20,0.090087890625,12.0,0.0,0.0,nan,nan,nan
phi6,preeq,64,1.0,0.02,300.0,500,0.02,1.0,1.0,0.009,1.2,0.3,0.024,45,0.14288753503622362,0.9897389314012417,0.49486946570062085,0.4897915761656359,0.001,20,0.0927734375,10.0,0.0,0.0,nan,nan,nan
phi6,preeq,64,1.0,0.02,300.0,500,0.02,1.0,1.0,0.009,1.2,0.3,0.024,46,0.14288753503622362,0.9897389314012417,0.49486946570062085,0.4897915761656359,0.001,20,0.08837890625,14.0,0.0,0.0,nan,nan,nan
phi6,preeq,64,1.0,0.02,300.0,500,0.02,1.0,1.0,0.009,1.2,0.3,0.024,47,0.14288753503622362,0.9897389314012417,0.49486946570062085,0.4897915761656359,0.001,20,0.091552734375,10.0,0.0,0.0,146.6,153.6,200.73464479526396
phi6,preeq,64,1.0,0.02,300.0,500,0.02,1.0,1.0,0.009,1.2,0.3,0.024,48,0.14288753503622362,0.9897389314012417,0.49486946570062085,0.4897915761656359,0.001,20,0.089599609375,11.0,0.0,0.0,nan,nan,nan
phi6,preeq,64,1.0,0.02,300.0,500,0.02,1.0,1.0,0.009,1.2,0.3,0.024,49,0.14288753503622362,0.9897389314012417,0.49486946570062085,0.4897915761656359,0.001,20,0.082763671875,9.0,0.0,0.0,268.2,269.2,nan
phi6,preeq,64,1.0,0.02,300.0,500,0.02,1.0,1.0,0.009,1.5,0.3,0.03,0,0.14288753503622362,0.9897389314012417,0.49486946570062085,0.4897915761656359,0.001,20,0.120849609375,15.0,0.0,0.0,nan,nan,nan
phi6,preeq,64,1.0,0.02,300.0,500,0.02,1.0,1.0,0.009,1.5,0.3,0.03,1,0.14288753503622362,0.9897389314012417,0.49486946570062085,0.4897915761656359,0.001,20,0.134765625,21.0,0.0,0.0,nan,nan,nan
phi6,preeq,64,1.0,0.02,300.0,500,0.02,1.0,1.0,0.009,1.5,0.3,0.03,2,0.14288753503622362,0.9897389314012417,0.49486946570062085,0.4897915761656359,0.001,20,0.12841796875,18.0,0.0,0.0,263.8,266.7,nan
phi6,preeq,64,1.0,0.02,300.0,500,0.02,1.0,1.0,0.009,1.5,0.3,0.03,3,0.14288753503622362,0.9897389314012417,0.49486946570062085,0.4897915761656359,0.001,20,0.13330078125,14.0,0.0,0.0,190.3,192.0,235.20984821901857
phi6,preeq,64,1.0,0.02,300.0,500,0.02,1.0,1.0,0.009,1.5,0.3,0.03,4,0.14288753503622362,0.9897389314012417,0.49486946570062085,0.4897915761656359,0.001,20,0.12744140625,18.0,0.0,0.0,nan,nan,nan
phi6,preeq,64,1.0,0.02,300.0,500,0.02,1.0,1.0,0.009,1.5,0.3,0.03,5,0.14288753503622362,0.9897389314012417,0.49486946570062085,0.4897915761656359,0.001,20,0.13134765625,10.0,0.0,0.0,225.9,227.0,268.89270900335515
phi6,preeq,64,1.0,0.02,300.0,500,0.02,1.0,1.0,0.009,1.5,0.3,0.03,6,0.14288753503622362,0.9897389314012417,0.49486946570062085,0.4897915761656359,0.001,20,0.131103515625,18.0,0.0,0.0,nan,nan,nan
phi6,preeq,64,1.0,0.02,300.0,500,0.02,1.0,1.0,0.009,1.5,0.3,0.03,7,0.14288753503622362,0.9897389314012417,0.49486946570062085,0.4897915761656359,0.001,20,0.109619140625,7.0,0.0,0.0,nan,nan,nan
phi6,preeq,64,1.0,0.02,300.0,500,0.02,1.0,1.0,0.009,1.5,0.3,0.03,8,0.14288753503622362,0.9897389314012417,0.49486946570062085,0.4897915761656359,0.001,20,0.1337890625,14.0,0.0,0.0,254.5,255.4,nan
phi6,preeq,64,1.0,0.02,300.0,500,0.02,1.0,1.0,0.009,1.5,0.3,0.03,9,0.14288753503622362,0.9897389314012417,0.49486946570062085,0.4897915761656359,0.001,20,0.12451171875,20.0,0.0,0.0,nan,nan,nan
phi6,preeq,64,1.0,0.02,300.0,500,0.02,1.0,1.0,0.009,1.5,0.3,0.03,10,0.14288753503622362,0.9897389314012417,0.49486946570062085,0.4897915761656359,0.001,20,0.12744140625,14.0,0.0,0.0,nan,nan,nan
phi6,preeq,64,1.0,0.02,300.0,500,0.02,1.0,1.0,0.009,1.5,0.3,0.03,11,0.14288753503622362,0.9897389314012417,0.49486946570062085,0.4897915761656359,0.001,20,0.135986328125,17.0,0.0,0.0,nan,nan,nan
phi6,preeq,64,1.0,0.02,300.0,500,0.02,1.0,1.0,0.009,1.5,0.3,0.03,12,0.14288753503622362,0.9897389314012417,0.49486946570062085,0.4897915761656359,0.001,20,0.12548828125,15.0,0.0,0.0,nan,nan,nan
phi6,preeq,64,1.0,0.02,300.0,500,0.02,1.0,1.0,0.009,1.5,0.3,0.03,13,0.14288753503622362,0.9897389314012417,0.49486946570062085,0.4897915761656359,0.001,20,0.126220703125,13.0,0.0,0.0,nan,nan,nan
phi6,preeq,64,1.0,0.02,300.0,500,0.02,1.0,1.0,0.009,1.5,0.3,0.03,14,0.14288753503622362,0.9897389314012417,0.49486946570062085,0.4897915761656359,0.001,20,0.11767578125,17.0,0.0,0.0,179.0,179.70000000000002,224.6829970522464
phi6,preeq,64,1.0,0.02,300.0,500,0.02,1.0,1.0,0.009,1.5,0.3,0.03,15,0.14288753503622362,0.9897389314012417,0.49486946570062085,0.4897915761656359,0.001,20,0.1396484375,16.0,0.0,0.0,nan,nan,nan
phi6,preeq,64,1.0,0.02,300.0,500,0.02,1.0,1.0,0.009,1.5,0.3,0.03,16,0.14288753503622362,0.9897389314012417,0.49486946570062085,0.4897915761656359,0.001,20,0.1259765625,13.0,0.0,0.0,nan,nan,nan
phi6,preeq,64,1.0,0.02,300.0,500,0.02,1.0,1.0,0.009,1.5,0.3,0.03,17,0.14288753503622362,0.9897389314012417,0.49486946570062085,0.4897915761656359,0.001,20,0.12353515625,21.0,0.0,0.0,nan,nan,nan
phi6,preeq,64,1.0,0.02,300.0,500,0.02,1.0,1.0,0.009,1.5,0.3,0.03,18,0.14288753503622362,0.9897389314012417,0.49486946570062085,0.4897915761656359,0.001,20,0.14208984375,21.0,0.0,0.0,nan,nan,nan
phi6,preeq,64,1.0,0.02,300.0,500,0.02,1.0,1.0,0.009,1.5,0.3,0.03,19,0.14288753503622362,0.9897389314012417,0.49486946570062085,0.4897915761656359,0.001,20,0.134521484375,17.0,0.0,0.0,nan,nan,nan
phi6,preeq,64,1.0,0.02,300.0,500,0.02,1.0,1.0,0.009,1.5,0.3,0.03,20,0.14288753503622362,0.9897389314012417,0.49486946570062085,0.4897915761656359,0.001,20,0.120849609375,17.0,0.0,0.0,nan,nan,nan
phi6,preeq,64,1.0,0.02,300.0,500,0.02,1.0,1.0,0.009,1.5,0.3,0.03,21,0.14288753503622362,0.9897389314012417,0.49486946570062085,0.4897915761656359,0.001,20,0.13623046875,15.0,0.0,0.0,252.4,253.9,295.2857694034691
phi6,preeq,64,1.0,0.02,300.0,500,0.02,1.0,1.0,0.009,1.5,0.3,0.03,22,0.14288753503622362,0.9897389314012417,0.49486946570062085,0.4897915761656359,0.001,20,0.12890625,26.0,0.0,0.0,65.1,66.5,104.06618474661725
phi6,preeq,64,1.0,0.02,300.0,500,0.02,1.0,1.0,0.009,1.5,0.3,0.03,23,0.14288753503622362,0.9897389314012417,0.49486946570062085,0.4897915761656359,0.001,20,0.123291015625,15.0,0.0,0.0,nan,nan,nan
phi6,preeq,64,1.0,0.02,300.0,500,0.02,1.0,1.0,0.009,1.5,0.3,0.03,24,0.14288753503622362,0.9897389314012417,0.49486946570062085,0.4897915761656359,0.001,20,0.12890625,22.0,0.0,0.0,nan,nan,nan
phi6,preeq,64,1.0,0.02,300.0,500,0.02,1.0,1.0,0.009,1.5,0.3,0.03,25,0.14288753503622362,0.9897389314012417,0.49486946570062085,0.4897915761656359,0.001,20,0.12890625,19.0,0.0,0.0,115.60000000000001,121.60000000000001,168.37386457473164
phi6,preeq,64,1.0,0.02,300.0,500,0.02,1.0,1.0,0.009,1.5,0.3,0.03,26,0.14288753503622362,0.9897389314012417,0.49486946570062085,0.4897915761656359,0.001,20,0.13134765625,14.0,0.0,0.0,nan,nan,nan
phi6,preeq,64,1.0,0.02,300.0,500,0.02,1.0,1.0,0.009,1.5,0.3,0.03,27,0.14288753503622362,0.9897389314012417,0.49486946570062085,0.4897915761656359,0.001,20,0.126220703125,17.0,0.0,0.0,nan,nan,nan
phi6,preeq,64,1.0,0.02,300.0,500,0.02,1.0,1.0,0.009,1.5,0.3,0.03,28,0.14288753503622362,0.9897389314012417,0.49486946570062085,0.4897915761656359,0.001,20,0.12255859375,17.0,0.0,0.0,nan,nan,nan
phi6,preeq,64,1.0,0.02,300.0,500,0.02,1.0,1.0,0.009,1.5,0.3,0.03,29,0.14288753503622362,0.9897389314012417,0.49486946570062085,0.4897915761656359,0.001,20,0.122802734375,16.0,0.0,0.0,250.8,253.5,297.20355038022814
phi6,preeq,64,1.0,0.02,300.0,500,0.02,1.0,1.0,0.009,1.5,0.3,0.03,30,0.14288753503622362,0.9897389314012417,0.49486946570062085,0.4897915761656359,0.001,20,0.125732421875,20.0,0.0,0.0,nan,nan,nan
phi6,preeq,64,1.0,0.02,300.0,500,0.02,1.0,1.0,0.009,1.5,0.3,0.03,31,0.14288753503622362,0.9897389314012417,0.49486946570062085,0.4897915761656359,0.001,20,0.130859375,19.0,0.0,0.0,nan,nan,nan
phi6,preeq,64,1.0,0.02,300.0,500,0.02,1.0,1.0,0.009,1.5,0.3,0.03,32,0.14288753503622362,0.9897389314012417,0.49486946570062085,0.4897915761656359,0.001,20,0.123779296875,15.0,0.0,0.0,nan,nan,nan
phi6,preeq,64,1.0,0.02,300.0,500,0.02,1.0,1.0,0.009,1.5,0.3,0.03,33,0.14288753503622362,0.9897389314012417,0.49486946570062085,0.4897915761656359,0.001,20,0.127197265625,15.0,0.0,0.0,nan,nan,nan
phi6,preeq,64,1.0,0.02,300.0,500,0.02,1.0,1.0,0.009,1.5,0.3,0.03,34,0.14288753503622362,0.9897389314012417,0.49486946570062085,0.4897915761656359,0.001,20,0.119873046875,20.0,0.0,0.0,nan,nan,nan
phi6,preeq,64,1.0,0.02,300.0,500,0.02,1.0,1.0,0.009,1.5,0.3,0.03,35,0.14288753503622362,0.9897389314012417,0.49486946570062085,0.4897915761656359,0.001,20,0.13818359375,13.0,0.0,0.0,nan,nan,nan
phi6,preeq,64,1.0,0.02,300.0,500,0.02,1.0,1.0,0.009,1.5,0.3,0.03,36,0.14288753503622362,0.9897389314012417,0.49486946570062085,0.4897915761656359,0.001,20,0.131591796875,11.0,0.0,0.0,237.6,240.9,286.7296582177868
phi6,preeq,64,1.0,0.02,300.0,500,0.02,1.0,1.0,0.009,1.5,0.3,0.03,37,0.14288753503622362,0.9897389314012417,0.49486946570062085,0.4897915761656359,0.001,20,0.126220703125,18.0,0.0,0.0,219.0,223.1,263.6095094287227
phi6,preeq,64,1.0,0.02,300.0,500,0.02,1.0,1.0,0.009,1.5,0.3,0.03,38,0.14288753503622362,0.9897389314012417,0.49486946570062085,0.4897915761656359,0.001,20,0.12255859375,17.0,0.0,0.0,nan,nan,nan
phi6,preeq,64,1.0,0.02,300.0,500,0.02,1.0,1.0,0.009,1.5,0.3,0.03,39,0.14288753503622362,0.9897389314012417,0.49486946570062085,0.4897915761656359,0.001,20,0.120361328125,13.0,0.0,0.0,nan,nan,nan
phi6,preeq,64,1.0,0.02,300.0,500,0.02,1.0,1.0,0.009,1.5,0.3,0.03,40,0.14288753503622362,0.9897389314012417,0.49486946570062085,0.4897915761656359,0.001,20,0.127685546875,11.0,0.0,0.0,nan,nan,nan
phi6,preeq,64,1.0,0.02,300.0,500,0.02,1.0,1.0,0.009,1.5,0.3,0.03,41,0.14288753503622362,0.9897389314012417,0.49486946570062085,0.4897915761656359,0.001,20,0.130126953125,15.0,0.0,0.0,277.2,279.3,nan
phi6,preeq,64,1.0,0.02,300.0,500,0.02,1.0,1.0,0.009,1.5,0.3,0.03,42,0.14288753503622362,0.9897389314012417,0.49486946570062085,0.4897915761656359,0.001,20,0.13330078125,26.0,0.0,0.0,nan,nan,nan
phi6,preeq,64,1.0,0.02,300.0,500,0.02,1.0,1.0,0.009,1.5,0.3,0.03,43,0.14288753503622362,0.9897389314012417,0.49486946570062085,0.4897915761656359,0.001,20,0.12744140625,23.0,0.0,0.0,127.9,129.9,178.22736517441186
phi6,preeq,64,1.0,0.02,300.0,500,0.02,1.0,1.0,0.009,1.5,0.3,0.03,44,0.14288753503622362,0.9897389314012417,0.49486946570062085,0.4897915761656359,0.001,20,0.134765625,19.0,0.0,0.0,nan,nan,nan
phi6,preeq,64,1.0,0.02,300.0,500,0.02,1.0,1.0,0.009,1.5,0.3,0.03,45,0.14288753503622362,0.9897389314012417,0.49486946570062085,0.4897915761656359,0.001,20,0.132080078125,13.0,0.0,0.0,nan,nan,nan
phi6,preeq,64,1.0,0.02,300.0,500,0.02,1.0,1.0,0.009,1.5,0.3,0.03,46,0.14288753503622362,0.9897389314012417,0.49486946570062085,0.4897915761656359,0.001,20,0.123291015625,19.0,0.0,0.0,280.40000000000003,282.8,nan
phi6,preeq,64,1.0,0.02,300.0,500,0.02,1.0,1.0,0.009,1.5,0.3,0.03,47,0.14288753503622362,0.9897389314012417,0.49486946570062085,0.4897915761656359,0.001,20,0.136474609375,13.0,0.0,0.0,nan,nan,nan
phi6,preeq,64,1.0,0.02,300.0,500,0.02,1.0,1.0,0.009,1.5,0.3,0.03,48,0.14288753503622362,0.9897389314012417,0.49486946570062085,0.4897915761656359,0.001,20,0.125,16.0,0.0,0.0,88.8,90.3,137.39833728537553
phi6,preeq,64,1.0,0.02,300.0,500,0.02,1.0,1.0,0.009,1.5,0.3,0.03,49,0.14288753503622362,0.9897389314012417,0.49486946570062085,0.4897915761656359,0.001,20,0.128173828125,15.0,0.0,0.0,nan,nan,nan
phi6,preeq,64,1.0,0.02,300.0,500,0.02,1.0,1.0,0.009,2.0,0.3,0.04,0,0.14288753503622362,0.9897389314012417,0.49486946570062085,0.4897915761656359,0.001,20,0.187255859375,33.0,0.0,0.0,143.8,146.0,190.66644656935276
phi6,preeq,64,1.0,0.02,300.0,500,0.02,1.0,1.0,0.009,2.0,0.3,0.04,1,0.14288753503622362,0.9897389314012417,0.49486946570062085,0.4897915761656359,0.001,20,0.17578125,28.0,0.0,0.0,nan,nan,nan
phi6,preeq,64,1.0,0.02,300.0,500,0.02,1.0,1.0,0.009,2.0,0.3,0.04,2,0.14288753503622362,0.9897389314012417,0.49486946570062085,0.4897915761656359,0.001,20,0.18017578125,40.0,0.0,0.0,nan,nan,nan
phi6,preeq,64,1.0,0.02,300.0,500,0.02,1.0,1.0,0.009,2.0,0.3,0.04,3,0.14288753503622362,0.9897389314012417,0.49486946570062085,0.4897915761656359,0.001,20,0.19140625,26.0,0.0,0.0,nan,nan,nan
phi6,preeq,64,1.0,0.02,300.0,500,0.02,1.0,1.0,0.009,2.0,0.3,0.04,4,0.14288753503622362,0.9897389314012417,0.49486946570062085,0.4897915761656359,0.001,20,0.17626953125,16.0,0.0,0.0,nan,nan,nan
phi6,preeq,64,1.0,0.02,300.0,500,0.02,1.0,1.0,0.009,2.0,0.3,0.04,5,0.14288753503622362,0.9897389314012417,0.49486946570062085,0.4897915761656359,0.001,20,0.195068359375,24.0,0.0,0.0,nan,nan,nan
phi6,preeq,64,1.0,0.02,300.0,500,0.02,1.0,1.0,0.009,2.0,0.3,0.04,6,0.14288753503622362,0.9897389314012417,0.49486946570062085,0.4897915761656359,0.001,20,0.200927734375,33.0,0.0,0.0,nan,nan,nan
phi6,preeq,64,1.0,0.02,300.0,500,0.02,1.0,1.0,0.009,2.0,0.3,0.04,7,0.14288753503622362,0.9897389314012417,0.49486946570062085,0.4897915761656359,0.001,20,0.182373046875,22.0,0.0,0.0,280.3,282.5,nan
phi6,preeq,64,1.0,0.02,300.0,500,0.02,1.0,1.0,0.009,2.0,0.3,0.04,8,0.14288753503622362,0.9897389314012417,0.49486946570062085,0.4897915761656359,0.001,20,0.182861328125,24.0,0.0,0.0,nan,nan,nan
phi6,preeq,64,1.0,0.02,300.0,500,0.02,1.0,1.0,0.009,2.0,0.3,0.04,9,0.14288753503622362,0.9897389314012417,0.49486946570062085,0.4897915761656359,0.001,20,0.1865234375,42.0,0.0,0.0,193.70000000000002,198.9,243.3995149306706
phi6,preeq,64,1.0,0.02,300.0,500,0.02,1.0,1.0,0.009,2.0,0.3,0.04,10,0.14288753503622362,0.9897389314012417,0.49486946570062085,0.4897915761656359,0.001,20,0.187744140625,42.0,0.0,0.0,nan,nan,nan
phi6,preeq,64,1.0,0.02,300.0,500,0.02,1.0,1.0,0.009,2.0,0.3,0.04,11,0.14288753503622362,0.9897389314012417,0.49486946570062085,0.4897915761656359,0.001,20,0.19677734375,31.0,0.0,0.0,146.3,148.8,187.92866471993628
phi6,preeq,64,1.0,0.02,300.0,500,0.02,1.0,1.0,0.009,2.0,0.3,0.04,12,0.14288753503622362,0.9897389314012417,0.49486946570062085,0.4897915761656359,0.001,20,0.18896484375,18.0,0.0,0.0,149.70000000000002,152.3,200.5957803923074
phi6,preeq,64,1.0,0.02,300.0,500,0.02,1.0,1.0,0.009,2.0,0.3,0.04,13,0.14288753503622362,0.9897389314012417,0.49486946570062085,0.4897915761656359,0.001,20,0.190673828125,23.0,0.0,0.0,254.20000000000002,257.1,nan
phi6,preeq,64,1.0,0.02,300.0,500,0.02,1.0,1.0,0.009,2.0,0.3,0.04,14,0.14288753503622362,0.9897389314012417,0.49486946570062085,0.4897915761656359,0.001,20,0.192626953125,19.0,0.0,0.0,nan,nan,nan
phi6,preeq,64,1.0,0.02,300.0,500,0.02,1.0,1.0,0.009,2.0,0.3,0.04,15,0.14288753503622362,0.9897389314012417,0.49486946570062085,0.4897915761656359,0.001,20,0.187255859375,20.0,0.0,0.0,nan,nan,nan
phi6,preeq,64,1.0,0.02,300.0,500,0.02,1.0,1.0,0.009,2.0,0.3,0.04,16,0.14288753503622362,0.9897389314012417,0.49486946570062085,0.4897915761656359,0.001,20,0.1875,21.0,0.0,0.0,nan,nan,nan
phi6,preeq,64,1.0,0.02,300.0,500,0.02,1.0,1.0,0.009,2.0,0.3,0.04,17,0.14288753503622362,0.9897389314012417,0.49486946570062085,0.4897915761656359,0.001,20,0.193115234375,21.0,0.0,0.0,nan,nan,nan
phi6,preeq,64,1.0,0.02,300.0,500,0.02,1.0,1.0,0.009,2.0,0.3,0.04,18,0.14288753503622362,0.9897389314012417,0.49486946570062085,0.4897915761656359,0.001,20,0.19384765625,29.0,0.0,0.0,nan,nan,nan
phi6,preeq,64,1.0,0.02,300.0,500,0.02,1.0,1.0,0.009,2.0,0.3,0.04,19,0.14288753503622362,0.9897389314012417,0.49486946570062085,0.4897915761656359,0.001,20,0.17724609375,19.0,0.0,0.0,nan,nan,nan
phi6,preeq,64,1.0,0.02,300.0,500,0.02,1.0,1.0,0.009,2.0,0.3,0.04,20,0.14288753503622362,0.9897389314012417,0.49486946570062085,0.4897915761656359,0.001,20,0.176025390625,21.0,0.0,0.0,nan,nan,nan
phi6,preeq,64,1.0,0.02,300.0,500,0.02,1.0,1.0,0.009,2.0,0.3,0.04,21,0.14288753503622362,0.9897389314012417,0.49486946570062085,0.4897915761656359,0.001,20,0.18017578125,29.0,0.0,0.0,nan,nan,nan
phi6,preeq,64,1.0,0.02,300.0,500,0.02,1.0,1.0,0.009,2.0,0.3,0.04,22,0.14288753503622362,0.9897389314012417,0.49486946570062085,0.4897915761656359,0.001,20,0.18994140625,21.0,0.0,0.0,92.10000000000001,94.4,140.9556865287519
phi6,preeq,64,1.0,0.02,300.0,500,0.02,1.0,1.0,0.009,2.0,0.3,0.04,23,0.14288753503622362,0.9897389314012417,0.49486946570062085,0.4897915761656359,0.001,20,0.17333984375,16.0,0.0,0.0,nan,nan,nan
phi6,preeq,64,1.0,0.02,300.0,500,0.02,1.0,1.0,0.009,2.0,0.3,0.04,24,0.14288753503622362,0.9897389314012417,0.49486946570062085,0.4897915761656359,0.001,20,0.196044921875,20.0,0.0,0.0,nan,nan,nan
phi6,preeq,64,1.0,0.02,300.0,500,0.02,1.0,1.0,0.009,2.0,0.3,0.04,25,0.14288753503622362,0.9897389314012417,0.49486946570062085,0.4897915761656359,0.001,20,0.193359375,54.0,0.0,0.0,nan,nan,nan
phi6,preeq,64,1.0,0.02,300.0,500,0.02,1.0,1.0,0.009,2.0,0.3,0.04,26,0.14288753503622362,0.9897389314012417,0.49486946570062085,0.4897915761656359,0.001,20,0.1826171875,17.0,0.0,0.0,nan,nan,nan
phi6,preeq,64,1.0,0.02,300.0,500,0.02,1.0,1.0,0.009,2.0,0.3,0.04,27,0.14288753503622362,0.9897389314012417,0.49486946570062085,0.4897915761656359,0.001,20,0.1787109375,18.0,0.0,0.0,nan,nan,nan
phi6,preeq,64,1.0,0.02,300.0,500,0.02,1.0,1.0,0.009,2.0,0.3,0.04,28,0.14288753503622362,0.9897389314012417,0.49486946570062085,0.4897915761656359,0.001,20,0.175537109375,15.0,0.0,0.0,nan,nan,nan
phi6,preeq,64,1.0,0.02,300.0,500,0.02,1.0,1.0,0.009,2.0,0.3,0.04,29,0.14288753503622362,0.9897389314012417,0.49486946570062085,0.4897915761656359,0.001,20,0.20458984375,26.0,0.0,0.0,nan,nan,nan
phi6,preeq,64,1.0,0.02,300.0,500,0.02,1.0,1.0,0.009,2.0,0.3,0.04,30,0.14288753503622362,0.9897389314012417,0.49486946570062085,0.4897915761656359,0.001,20,0.197509765625,22.0,0.0,0.0,nan,nan,nan
phi6,preeq,64,1.0,0.02,300.0,500,0.02,1.0,1.0,0.009,2.0,0.3,0.04,31,0.14288753503622362,0.9897389314012417,0.49486946570062085,0.4897915761656359,0.001,20,0.199951171875,28.0,0.0,0.0,nan,nan,nan
phi6,preeq,64,1.0,0.02,300.0,500,0.02,1.0,1.0,0.009,2.0,0.3,0.04,32,0.14288753503622362,0.9897389314012417,0.49486946570062085,0.4897915761656359,0.001,20,0.201171875,25.0,0.0,0.0,nan,nan,nan
phi6,preeq,64,1.0,0.02,300.0,500,0.02,1.0,1.0,0.009,2.0,0.3,0.04,33,0.14288753503622362,0.9897389314012417,0.49486946570062085,0.4897915761656359,0.001,20,0.18994140625,21.0,0.0,0.0,nan,nan,nan
phi6,preeq,64,1.0,0.02,300.0,500,0.02,1.0,1.0,0.009,2.0,0.3,0.04,34,0.14288753503622362,0.9897389314012417,0.49486946570062085,0.4897915761656359,0.001,20,0.185546875,17.0,0.0,0.0,nan,nan,nan
phi6,preeq,64,1.0,0.02,300.0,500,0.02,1.0,1.0,0.009,2.0,0.3,0.04,35,0.14288753503622362,0.9897389314012417,0.49486946570062085,0.4897915761656359,0.001,20,0.191162109375,23.0,0.0,0.0,nan,nan,nan
phi6,preeq,64,1.0,0.02,300.0,500,0.02,1.0,1.0,0.009,2.0,0.3,0.04,36,0.14288753503622362,0.9897389314012417,0.49486946570062085,0.4897915761656359,0.001,20,0.206298828125,34.0,0.0,0.0,nan,nan,nan
phi6,preeq,64,1.0,0.02,300.0,500,0.02,1.0,1.0,0.009,2.0,0.3,0.04,37,0.14288753503622362,0.9897389314012417,0.49486946570062085,0.4897915761656359,0.001,20,0.193359375,21.0,0.0,0.0,nan,nan,nan
phi6,preeq,64,1.0,0.02,300.0,500,0.02,1.0,1.0,0.009,2.0,0.3,0.04,38,0.14288753503622362,0.9897389314012417,0.49486946570062085,0.4897915761656359,0.001,20,0.191650390625,22.0,0.0,0.0,nan,nan,nan
phi6,preeq,64,1.0,0.02,300.0,500,0.02,1.0,1.0,0.009,2.0,0.3,0.04,39,0.14288753503622362,0.9897389314012417,0.49486946570062085,0.4897915761656359,0.001,20,0.204833984375,27.0,0.0,0.0,nan,nan,nan
phi6,preeq,64,1.0,0.02,300.0,500,0.02,1.0,1.0,0.009,2.0,0.3,0.04,40,0.14288753503622362,0.9897389314012417,0.49486946570062085,0.4897915761656359,0.001,20,0.186767578125,20.0,0.0,0.0,nan,nan,nan
phi6,preeq,64,1.0,0.02,300.0,500,0.02,1.0,1.0,0.009,2.0,0.3,0.04,41,0.14288753503622362,0.9897389314012417,0.49486946570062085,0.4897915761656359,0.001,20,0.18896484375,28.0,0.000244140625,1.0,47.5,49.5,95.30141904774091
phi6,preeq,64,1.0,0.02,300.0,500,0.02,1.0,1.0,0.009,2.0,0.3,0.04,42,0.14288753503622362,0.9897389314012417,0.49486946570062085,0.4897915761656359,0.001,20,0.19482421875,24.0,0.0,0.0,108.3,112.3,153.95584140182484
phi6,preeq,64,1.0,0.02,300.0,500,0.02,1.0,1.0,0.009,2.0,0.3,0.04,43,0.14288753503622362,0.9897389314012417,0.49486946570062085,0.4897915761656359,0.001,20,0.186279296875,26.0,0.0,0.0,nan,nan,nan
phi6,preeq,64,1.0,0.02,300.0,500,0.02,1.0,1.0,0.009,2.0,0.3,0.04,44,0.14288753503622362,0.9897389314012417,0.49486946570062085,0.4897915761656359,0.001,20,0.18408203125,18.0,0.0,0.0,nan,nan,nan
phi6,preeq,64,1.0,0.02,300.0,500,0.02,1.0,1.0,0.009,2.0,0.3,0.04,45,0.14288753503622362,0.9897389314012417,0.49486946570062085,0.4897915761656359,0.001,20,0.19140625,24.0,0.0,0.0,134.1,135.4,179.60959536104292
phi6,preeq,64,1.0,0.02,300.0,500,0.02,1.0,1.0,0.009,2.0,0.3,0.04,46,0.14288753503622362,0.9897389314012417,0.49486946570062085,0.4897915761656359,0.001,20,0.197265625,19.0,0.0,0.0,nan,nan,nan
phi6,preeq,64,1.0,0.02,300.0,500,0.02,1.0,1.0,0.009,2.0,0.3,0.04,47,0.14288753503622362,0.9897389314012417,0.49486946570062085,0.4897915761656359,0.001,20,0.173828125,26.0,0.0,0.0,285.40000000000003,286.90000000000003,nan
phi6,preeq,64,1.0,0.02,300.0,500,0.02,1.0,1.0,0.009,2.0,0.3,0.04,48,0.14288753503622362,0.9897389314012417,0.49486946570062085,0.4897915761656359,0.001,20,0.1787109375,23.0,0.0,0.0,233.5,235.20000000000002,275.0836752290845
phi6,preeq,64,1.0,0.02,300.0,500,0.02,1.0,1.0,0.009,2.0,0.3,0.04,49,0.14288753503622362,0.9897389314012417,0.49486946570062085,0.4897915761656359,0.001,20,0.180908203125,12.0,0.0,0.0,196.20000000000002,196.9,239.55854568566753
phi6,preeq,64,1.0,0.02,300.0,500,0.02,1.0,1.0,0.009,3.0,0.3,0.06,0,0.14288753503622362,0.9897389314012417,0.49486946570062085,0.4897915761656359,0.001,20,0.280029296875,41.0,0.000244140625,1.0,nan,nan,nan
phi6,preeq,64,1.0,0.02,300.0,500,0.02,1.0,1.0,0.009,3.0,0.3,0.06,1,0.14288753503622362,0.9897389314012417,0.49486946570062085,0.4897915761656359,0.001,20,0.286376953125,41.0,0.0,0.0,141.8,144.9,189.70467109832327
phi6,preeq,64,1.0,0.02,300.0,500,0.02,1.0,1.0,0.009,3.0,0.3,0.06,2,0.14288753503622362,0.9897389314012417,0.49486946570062085,0.4897915761656359,0.001,20,0.301513671875,65.0,0.00048828125,1.0,nan,nan,nan
phi6,preeq,64,1.0,0.02,300.0,500,0.02,1.0,1.0,0.009,3.0,0.3,0.06,3,0.14288753503622362,0.9897389314012417,0.49486946570062085,0.4897915761656359,0.001,20,0.294921875,40.0,0.0,0.0,232.9,235.1,287.1824603985692
phi6,preeq,64,1.0,0.02,300.0,500,0.02,1.0,1.0,0.009,3.0,0.3,0.06,4,0.14288753503622362,0.9897389314012417,0.49486946570062085,0.4897915761656359,0.001,20,0.300537109375,46.0,0.0,0.0,113.5,119.0,163.16161764985458
phi6,preeq,64,1.0,0.02,300.0,500,0.02,1.0,1.0,0.009,3.0,0.3,0.06,5,0.14288753503622362,0.9897389314012417,0.49486946570062085,0.4897915761656359,0.001,20,0.28662109375,36.0,0.00048828125,1.0,nan,nan,nan
phi6,preeq,64,1.0,0.02,300.0,500,0.02,1.0,1.0,0.009,3.0,0.3,0.06,6,0.14288753503622362,0.9897389314012417,0.49486946570062085,0.4897915761656359,0.001,20,0.298583984375,34.0,0.000244140625,1.0,nan,nan,nan
phi6,preeq,64,1.0,0.02,300.0,500,0.02,1.0,1.0,0.009,3.0,0.3,0.06,7,0.14288753503622362,0.9897389314012417,0.49486946570062085,0.4897915761656359,0.001,20,0.283935546875,55.0,0.0009765625,1.0,189.20000000000002,191.5,236.91372752253773
phi6,preeq,64,1.0,0.02,300.0,500,0.02,1.0,1.0,0.009,3.0,0.3,0.06,8,0.14288753503622362,0.9897389314012417,0.49486946570062085,0.4897915761656359,0.001,20,0.302490234375,41.0,0.0,0.0,nan,nan,nan
phi6,preeq,64,1.0,0.02,300.0,500,0.02,1.0,1.0,0.009,3.0,0.3,0.06,9,0.14288753503622362,0.9897389314012417,0.49486946570062085,0.4897915761656359,0.001,20,0.279296875,41.0,0.0,0.0,272.5,274.90000000000003,nan
phi6,preeq,64,1.0,0.02,300.0,500,0.02,1.0,1.0,0.009,3.0,0.3,0.06,10,0.14288753503622362,0.9897389314012417,0.49486946570062085,0.4897915761656359,0.001,20,0.296630859375,40.0,0.00048828125,1.0,nan,nan,nan
phi6,preeq,64,1.0,0.02,300.0,500,0.02,1.0,1.0,0.009,3.0,0.3,0.06,11,0.14288753503622362,0.9897389314012417,0.49486946570062085,0.4897915761656359,0.001,20,0.28271484375,47.0,0.000732421875,1.0,nan,nan,nan
phi6,preeq,64,1.0,0.02,300.0,500,0.02,1.0,1.0,0.009,3.0,0.3,0.06,12,0.14288753503622362,0.9897389314012417,0.49486946570062085,0.4897915761656359,0.001,20,0.29052734375,34.0,0.00048828125,1.0,69.5,72.60000000000001,123.3528530145059
phi6,preeq,64,1.0,0.02,300.0,500,0.02,1.0,1.0,0.009,3.0,0.3,0.06,13,0.14288753503622362,0.9897389314012417,0.49486946570062085,0.4897915761656359,0.001,20,0.269287109375,33.0,0.000244140625,1.0,94.10000000000001,96.4,139.59517263380752
phi6,preeq,64,1.0,0.02,300.0,500,0.02,1.0,1.0,0.009,3.0,0.3,0.06,14,0.14288753503622362,0.9897389314012417,0.49486946570062085,0.4897915761656359,0.001,20,0.29345703125,37.0,0.000244140625,1.0,nan,nan,nan
phi6,preeq,64,1.0,0.02,300.0,500,0.02,1.0,1.0,0.009,3.0,0.3,0.06,15,0.14288753503622362,0.9897389314012417,0.49486946570062085,0.4897915761656359,0.001,20,0.286865234375,38.0,0.00048828125,1.0,nan,nan,nan
phi6,preeq,64,1.0,0.02,300.0,500,0.02,1.0,1.0,0.009,3.0,0.3,0.06,16,0.14288753503622362,0.9897389314012417,0.49486946570062085,0.4897915761656359,0.001,20,0.2890625,71.0,0.000244140625,1.0,nan,nan,nan
phi6,preeq,64,1.0,0.02,300.0,500,0.02,1.0,1.0,0.009,3.0,0.3,0.06,17,0.14288753503622362,0.9897389314012417,0.49486946570062085,0.4897915761656359,0.001,20,0.28759765625,53.0,0.000732421875,1.0,nan,nan,nan
phi6,preeq,64,1.0,0.02,300.0,500,0.02,1.0,1.0,0.009,3.0,0.3,0.06,18,0.14288753503622362,0.9897389314012417,0.49486946570062085,0.4897915761656359,0.001,20,0.2998046875,43.0,0.00048828125,1.0,72.3,73.9,122.43434695795162
phi6,preeq,64,1.0,0.02,300.0,500,0.02,1.0,1.0,0.009,3.0,0.3,0.06,19,0.14288753503622362,0.9897389314012417,0.49486946570062085,0.4897915761656359,0.001,20,0.27685546875,85.0,0.0,0.0,294.2,296.3,nan
phi6,preeq,64,1.0,0.02,300.0,500,0.02,1.0,1.0,0.009,3.0,0.3,0.06,20,0.14288753503622362,0.9897389314012417,0.49486946570062085,0.4897915761656359,0.001,20,0.281005859375,42.0,0.0,0.0,nan,nan,nan
phi6,preeq,64,1.0,0.02,300.0,500,0.02,1.0,1.0,0.009,3.0,0.3,0.06,21,0.14288753503622362,0.9897389314012417,0.49486946570062085,0.4897915761656359,0.001,20,0.287353515625,45.0,0.0,0.0,nan,nan,nan
phi6,preeq,64,1.0,0.02,300.0,500,0.02,1.0,1.0,0.009,3.0,0.3,0.06,22,0.14288753503622362,0.9897389314012417,0.49486946570062085,0.4897915761656359,0.001,20,0.274169921875,36.0,0.000244140625,1.0,247.8,249.4,295.8692499971203
phi6,preeq,64,1.0,0.02,300.0,500,0.02,1.0,1.0,0.009,3.0,0.3,0.06,23,0.14288753503622362,0.9897389314012417,0.49486946570062085,0.4897915761656359,0.001,20,0.287353515625,33.0,0.0,0.0,nan,nan,nan
phi6,preeq,64,1.0,0.02,300.0,500,0.02,1.0,1.0,0.009,3.0,0.3,0.06,24,0.14288753503622362,0.9897389314012417,0.49486946570062085,0.4897915761656359,0.001,20,0.30224609375,35.0,0.0,0.0,nan,nan,nan
phi6,preeq,64,1.0,0.02,300.0,500,0.02,1.0,1.0,0.009,3.0,0.3,0.06,25,0.14288753503622362,0.9897389314012417,0.49486946570062085,0.4897915761656359,0.001,20,0.29150390625,40.0,0.0,0.0,nan,nan,nan
phi6,preeq,64,1.0,0.02,300.0,500,0.02,1.0,1.0,0.009,3.0,0.3,0.06,26,0.14288753503622362,0.9897389314012417,0.49486946570062085,0.4897915761656359,0.001,20,0.299560546875,43.0,0.000244140625,1.0,nan,nan,nan
phi6,preeq,64,1.0,0.02,300.0,500,0.02,1.0,1.0,0.009,3.0,0.3,0.06,27,0.14288753503622362,0.9897389314012417,0.49486946570062085,0.4897915761656359,0.001,20,0.2900390625,43.0,0.0,0.0,259.8,260.6,299.95216275425355
phi6,preeq,64,1.0,0.02,300.0,500,0.02,1.0,1.0,0.009,3.0,0.3,0.06,28,0.14288753503622362,0.9897389314012417,0.49486946570062085,0.4897915761656359,0.001,20,0.2802734375,31.0,0.000244140625,1.0,nan,nan,nan
phi6,preeq,64,1.0,0.02,300.0,500,0.02,1.0,1.0,0.009,3.0,0.3,0.06,29,0.14288753503622362,0.9897389314012417,0.49486946570062085,0.4897915761656359,0.001,20,0.270751953125,35.0,0.0,0.0,nan,nan,nan
phi6,preeq,64,1.0,0.02,300.0,500,0.02,1.0,1.0,0.009,3.0,0.3,0.06,30,0.14288753503622362,0.9897389314012417,0.49486946570062085,0.4897915761656359,0.001,20,0.283935546875,41.0,0.0,0.0,nan,nan,nan
phi6,preeq,64,1.0,0.02,300.0,500,0.02,1.0,1.0,0.009,3.0,0.3,0.06,31,0.14288753503622362,0.9897389314012417,0.49486946570062085,0.4897915761656359,0.001,20,0.2724609375,37.0,0.000244140625,1.0,nan,nan,nan
phi6,preeq,64,1.0,0.02,300.0,500,0.02,1.0,1.0,0.009,3.0,0.3,0.06,32,0.14288753503622362,0.9897389314012417,0.49486946570062085,0.4897915761656359,0.001,20,0.272216796875,37.0,0.000244140625,1.0,nan,nan,nan
phi6,preeq,64,1.0,0.02,300.0,500,0.02,1.0,1.0,0.009,3.0,0.3,0.06,33,0.14288753503622362,0.9897389314012417,0.49486946570062085,0.4897915761656359,0.001,20,0.26953125,41.0,0.000244140625,1.0,nan,nan,nan
phi6,preeq,64,1.0,0.02,300.0,500,0.02,1.0,1.0,0.009,3.0,0.3,0.06,34,0.14288753503622362,0.9897389314012417,0.49486946570062085,0.4897915761656359,0.001,20,0.2783203125,23.0,0.00048828125,1.0,nan,nan,nan
phi6,preeq,64,1.0,0.02,300.0,500,0.02,1.0,1.0,0.009,3.0,0.3,0.06,35,0.14288753503622362,0.9897389314012417,0.49486946570062085,0.4897915761656359,0.001,20,0.300048828125,56.0,0.000244140625,1.0,nan,nan,nan
phi6,preeq,64,1.0,0.02,300.0,500,0.02,1.0,1.0,0.009,3.0,0.3,0.06,36,0.14288753503622362,0.9897389314012417,0.49486946570062085,0.4897915761656359,0.001,20,0.280517578125,29.0,0.0,0.0,nan,nan,nan
phi6,preeq,64,1.0,0.02,300.0,500,0.02,1.0,1.0,0.009,3.0,0.3,0.06,37,0.14288753503622362,0.9897389314012417,0.49486946570062085,0.4897915761656359,0.001,20,0.296630859375,49.0,0.0,0.0,nan,nan,nan
phi6,preeq,64,1.0,0.02,300.0,500,0.02,1.0,1.0,0.009,3.0,0.3,0.06,38,0.14288753503622362,0.9897389314012417,0.49486946570062085,0.4897915761656359,0.001,20,0.293701171875,66.0,0.000244140625,1.0,283.90000000000003,286.40000000000003,nan
phi6,preeq,64,1.0,0.02,300.0,500,0.02,1.0,1.0,0.009,3.0,0.3,0.06,39,0.14288753503622362,0.9897389314012417,0.49486946570062085,0.4897915761656359,0.001,20,0.2744140625,42.0,0.0,0.0,nan,nan,nan
phi6,preeq,64,1.0,0.02,300.0,500,0.02,1.0,1.0,0.009,3.0,0.3,0.06,40,0.14288753503622362,0.9897389314012417,0.49486946570062085,0.4897915761656359,0.001,20,0.284423828125,31.0,0.0,0.0,nan,nan,nan
phi6,preeq,64,1.0,0.02,300.0,500,0.02,1.0,1.0,0.009,3.0,0.3,0.06,41,0.14288753503622362,0.9897389314012417,0.49486946570062085,0.4897915761656359,0.001,20,0.2890625,43.0,0.000244140625,1.0,nan,nan,nan
phi6,preeq,64,1.0,0.02,300.0,500,0.02,1.0,1.0,0.009,3.0,0.3,0.06,42,0.14288753503622362,0.9897389314012417,0.49486946570062085,0.4897915761656359,0.001,20,0.301025390625,36.0,0.000732421875,1.0,261.8,264.7,nan
phi6,preeq,64,1.0,0.02,300.0,500,0.02,1.0,1.0,0.009,3.0,0.3,0.06,43,0.14288753503622362,0.9897389314012417,0.49486946570062085,0.4897915761656359,0.001,20,0.283447265625,43.0,0.000244140625,1.0,144.6,150.70000000000002,191.38559897477094
phi6,preeq,64,1.0,0.02,300.0,500,0.02,1.0,1.0,0.009,3.0,0.3,0.06,44,0.14288753503622362,0.9897389314012417,0.49486946570062085,0.4897915761656359,0.001,20,0.284912109375,32.0,0.0,0.0,170.4,172.8,213.694977612895
phi6,preeq,64,1.0,0.02,300.0,500,0.02,1.0,1.0,0.009,3.0,0.3,0.06,45,0.14288753503622362,0.9897389314012417,0.49486946570062085,0.4897915761656359,0.001,20,0.289794921875,30.0,0.0,0.0,189.3,190.4,235.65414483040777
phi6,preeq,64,1.0,0.02,300.0,500,0.02,1.0,1.0,0.009,3.0,0.3,0.06,46,0.14288753503622362,0.9897389314012417,0.49486946570062085,0.4897915761656359,0.001,20,0.291015625,53.0,0.0009765625,1.0,185.3,186.6,233.0130571372472
phi6,preeq,64,1.0,0.02,300.0,500,0.02,1.0,1.0,0.009,3.0,0.3,0.06,47,0.14288753503622362,0.9897389314012417,0.49486946570062085,0.4897915761656359,0.001,20,0.29541015625,66.0,0.000732421875,1.0,234.0,235.3,279.15668913411906
phi6,preeq,64,1.0,0.02,300.0,500,0.02,1.0,1.0,0.009,3.0,0.3,0.06,48,0.14288753503622362,0.9897389314012417,0.49486946570062085,0.4897915761656359,0.001,20,0.295166015625,33.0,0.0,0.0,nan,nan,nan
phi6,preeq,64,1.0,0.02,300.0,500,0.02,1.0,1.0,0.009,3.0,0.3,0.06,49,0.14288753503622362,0.9897389314012417,0.49486946570062085,0.4897915761656359,0.001,20,0.2880859375,42.0,0.000244140625,1.0,157.3,160.1,204.61776675786592
